strategy_mode,range_mode,center_mode,sd_multiplier,ewma_lambda,downside_skew,preemptive_rebalance,rebalance_threshold_pct,fixed_width_pct,fixed_tick_width,harvest_upward_range_fraction,profit_take_return,stop_loss_return,out_of_range_overshoot_fraction,min_exit_swap_volume_usd,exit_confirmation_swaps,exit_price_mode,exit_price_min_swap_volume_usd,initial_capital_usd,mint_gas_usd,remove_gas_usd,unwind_to_cash_on_exit,valid_window_count,robust_validation_score,mean_validation_net_return,median_validation_net_return,min_validation_net_return,worst_window_max_drawdown,worst_window_divergent_loss,positive_window_rate,validation_top_rank_rate,windows_won,mean_validation_total_fees,mean_validation_total_transaction_cost,mean_validation_fee_to_tx_cost_ratio,mean_validation_rebalance_count,eligible
ewma,volatility,ewma,0.75,0.99,0.7,False,15.0,,,,,,,,1,spot,100.0,450.0,0.015,0.015,False,1,0.007878169756059617,0.0031267597073916242,0.0031267597073916242,0.0031267597073916242,0.0,0.0031267597073916242,1.0,1.0,1,1.6745798093783,0.3298596336641144,5.076643634072156,3.0,True
ewma,volatility,ewma,0.75,0.99,0.7,False,10.0,,,,,,,,1,spot,100.0,450.0,0.015,0.015,False,1,0.0076570289941096025,0.003059725142527281,0.003059725142527281,0.003059725142527281,0.0,0.003059725142527281,1.0,0.0,0,1.6745382891345655,0.35985963366411444,4.653309603203634,4.0,True
ewma,volatility,ewma,0.75,0.95,0.8,False,10.0,,,,,,,,1,spot,100.0,450.0,0.015,0.015,False,1,0.0058330218828337305,0.0020319869854839023,0.0020319869854839023,0.0020319869854839023,0.0,0.0020319869854839023,1.0,0.0,0,1.5936943302622109,0.27171729424638635,5.865266451597627,1.0,True
ewma,volatility,ewma,0.75,0.95,0.8,False,15.0,,,,,,,,1,spot,100.0,450.0,0.015,0.015,False,1,0.0058330218828337305,0.0020319869854839023,0.0020319869854839023,0.0020319869854839023,0.0,0.0020319869854839023,1.0,0.0,0,1.5936943302622109,0.27171729424638635,5.865266451597627,1.0,True
ewma,volatility,ewma,1.0,0.975,0.7,False,10.0,,,,,,,,1,spot,100.0,450.0,0.015,0.015,False,1,0.0058330218828337305,0.0020319869854839023,0.0020319869854839023,0.0020319869854839023,0.0,0.0020319869854839023,1.0,0.0,0,1.5936943302622109,0.27171729424638635,5.865266451597627,1.0,True
ewma,volatility,ewma,1.0,0.975,0.7,False,15.0,,,,,,,,1,spot,100.0,450.0,0.015,0.015,False,1,0.0058330218828337305,0.0020319869854839023,0.0020319869854839023,0.0020319869854839023,0.0,0.0020319869854839023,1.0,0.0,0,1.5936943302622109,0.27171729424638635,5.865266451597627,1.0,True
ewma,volatility,ewma,1.25,0.95,0.7,False,10.0,,,,,,,,1,spot,100.0,450.0,0.015,0.015,False,1,0.0058330218828337305,0.0020319869854839023,0.0020319869854839023,0.0020319869854839023,0.0,0.0020319869854839023,1.0,0.0,0,1.5936943302622109,0.27171729424638635,5.865266451597627,1.0,True
ewma,volatility,ewma,1.25,0.95,0.7,False,15.0,,,,,,,,1,spot,100.0,450.0,0.015,0.015,False,1,0.0058330218828337305,0.0020319869854839023,0.0020319869854839023,0.0020319869854839023,0.0,0.0020319869854839023,1.0,0.0,0,1.5936943302622109,0.27171729424638635,5.865266451597627,1.0,True
ewma,volatility,ewma,1.25,0.975,0.7,False,10.0,,,,,,,,1,spot,100.0,450.0,0.015,0.015,False,1,0.0058330218828337305,0.0020319869854839023,0.0020319869854839023,0.0020319869854839023,0.0,0.0020319869854839023,1.0,0.0,0,1.5936943302622109,0.27171729424638635,5.865266451597627,1.0,True
ewma,volatility,ewma,0.75,0.95,0.8,False,5.0,,,,,,,,1,spot,100.0,450.0,0.015,0.015,False,1,0.005593574289967462,0.001964607927659401,0.001964607927659401,0.001964607927659401,0.0,0.001964607927659401,1.0,0.0,0,1.5937562043590785,0.3017172942463864,5.282283232520294,2.0,True
ewma,volatility,ewma,1.0,0.975,0.7,False,5.0,,,,,,,,1,spot,100.0,450.0,0.015,0.015,False,1,0.005593574289967462,0.001964607927659401,0.001964607927659401,0.001964607927659401,0.0,0.001964607927659401,1.0,0.0,0,1.5937562043590785,0.3017172942463864,5.282283232520294,2.0,True
ewma,volatility,ewma,1.25,0.95,0.7,False,5.0,,,,,,,,1,spot,100.0,450.0,0.015,0.015,False,1,0.005593574289967462,0.001964607927659401,0.001964607927659401,0.001964607927659401,0.0,0.001964607927659401,1.0,0.0,0,1.5937562043590785,0.3017172942463864,5.282283232520294,2.0,True
ewma,volatility,ewma,1.25,0.975,0.7,False,5.0,,,,,,,,1,spot,100.0,450.0,0.015,0.015,False,1,0.005593574289967462,0.001964607927659401,0.001964607927659401,0.001964607927659401,0.0,0.001964607927659401,1.0,0.0,0,1.5937562043590785,0.3017172942463864,5.282283232520294,2.0,True
ewma,volatility,ewma,0.5,0.975,0.8,False,15.0,,,,,,,,1,spot,100.0,450.0,0.015,0.015,False,1,0.004929979517033264,0.0017014296358199843,0.0017014296358199843,0.0017014296358199843,0.0,0.0017014296358199843,1.0,0.0,0,1.5189695507912124,0.3298596336641144,4.60489673719195,3.0,True
ewma,volatility,ewma,0.5,0.975,0.8,False,10.0,,,,,,,,1,spot,100.0,450.0,0.015,0.015,False,1,0.004709033558172768,0.0016344903195169014,0.0016344903195169014,0.0016344903195169014,0.0,0.0016344903195169014,1.0,0.0,0,1.5189384292990533,0.35985963366411444,4.220919178495022,4.0,True
ewma,volatility,ewma,1.25,0.95,0.8,False,10.0,,,,,,,,1,spot,100.0,450.0,0.015,0.015,False,1,0.0045222963983201645,0.0016122669065259387,0.0016122669065259387,0.0016122669065259387,0.0,0.0016122669065259387,1.0,0.0,0,1.5189280971681784,0.41488342641691145,3.6610961066490653,3.0,True
ewma,volatility,ewma,1.25,0.95,0.8,False,5.0,,,,,,,,1,spot,100.0,450.0,0.015,0.015,False,1,0.0043182941678912455,0.001545183410124551,0.001545183410124551,0.001545183410124551,0.0,0.001545183410124551,1.0,0.0,0,1.5188969086437207,0.4448834264169115,3.4141458603592127,4.0,True
ewma,volatility,ewma,1.5,0.95,0.8,False,15.0,,,,,,,,1,spot,100.0,450.0,0.015,0.015,False,1,0.0032535143588090535,0.001471197938932578,0.001471197938932578,0.001471197938932578,0.0,0.001471197938932578,1.0,0.0,0,0.4030076936000207,0.29525434509690174,1.3649509322809612,0.0,True
ewma,volatility,ewma,2.0,0.95,0.8,False,15.0,,,,,,,,1,spot,100.0,450.0,0.015,0.015,False,1,0.0032535143588090535,0.001471197938932578,0.001471197938932578,0.001471197938932578,0.0,0.001471197938932578,1.0,0.0,0,0.4030076936000207,0.29525434509690174,1.3649509322809612,0.0,True
ewma,volatility,ewma,3.0,0.975,0.7,True,1.0,,,,,,,,1,spot,100.0,450.0,0.015,0.015,False,1,0.002425169953410442,0.0009168132738466284,0.0009168132738466284,0.0009168132738466284,0.0,0.0009168132738466284,1.0,0.0,0,0.9970020807601103,0.5518131271914635,1.8067748511792452,4.0,True
ewma,volatility,ewma,3.0,0.975,0.7,False,1.0,,,,,,,,1,spot,100.0,450.0,0.015,0.015,False,1,0.002425169953410442,0.0009168132738466284,0.0009168132738466284,0.0009168132738466284,0.0,0.0009168132738466284,1.0,0.0,0,0.9970020807601103,0.5518131271914635,1.8067748511792452,4.0,True
ewma,volatility,ewma,3.0,0.975,0.7,False,3.0,,,,,,,,1,spot,100.0,450.0,0.015,0.015,False,1,0.002425169953410442,0.0009168132738466284,0.0009168132738466284,0.0009168132738466284,0.0,0.0009168132738466284,1.0,0.0,0,0.9970020807601103,0.5518131271914635,1.8067748511792452,4.0,True
ewma,volatility,ewma,3.0,0.975,0.7,False,5.0,,,,,,,,1,spot,100.0,450.0,0.015,0.015,False,1,0.002425169953410442,0.0009168132738466284,0.0009168132738466284,0.0009168132738466284,0.0,0.0009168132738466284,1.0,0.0,0,0.9970020807601103,0.5518131271914635,1.8067748511792452,4.0,True
ewma,volatility,ewma,3.0,0.975,0.7,False,10.0,,,,,,,,1,spot,100.0,450.0,0.015,0.015,False,1,0.002425169953410442,0.0009168132738466284,0.0009168132738466284,0.0009168132738466284,0.0,0.0009168132738466284,1.0,0.0,0,0.9970020807601103,0.5518131271914635,1.8067748511792452,4.0,True
ewma,volatility,ewma,3.0,0.975,0.8,True,1.0,,,,,,,,1,spot,100.0,450.0,0.015,0.015,False,1,0.002425169953410442,0.0009168132738466284,0.0009168132738466284,0.0009168132738466284,0.0,0.0009168132738466284,1.0,0.0,0,0.9970020807601103,0.5518131271914635,1.8067748511792452,4.0,True
ewma,volatility,ewma,3.0,0.975,0.8,False,1.0,,,,,,,,1,spot,100.0,450.0,0.015,0.015,False,1,0.002425169953410442,0.0009168132738466284,0.0009168132738466284,0.0009168132738466284,0.0,0.0009168132738466284,1.0,0.0,0,0.9970020807601103,0.5518131271914635,1.8067748511792452,4.0,True
ewma,volatility,ewma,3.0,0.975,0.8,False,3.0,,,,,,,,1,spot,100.0,450.0,0.015,0.015,False,1,0.002425169953410442,0.0009168132738466284,0.0009168132738466284,0.0009168132738466284,0.0,0.0009168132738466284,1.0,0.0,0,0.9970020807601103,0.5518131271914635,1.8067748511792452,4.0,True
ewma,volatility,ewma,3.0,0.975,0.8,False,5.0,,,,,,,,1,spot,100.0,450.0,0.015,0.015,False,1,0.002425169953410442,0.0009168132738466284,0.0009168132738466284,0.0009168132738466284,0.0,0.0009168132738466284,1.0,0.0,0,0.9970020807601103,0.5518131271914635,1.8067748511792452,4.0,True
ewma,volatility,ewma,3.0,0.975,0.8,False,10.0,,,,,,,,1,spot,100.0,450.0,0.015,0.015,False,1,0.002425169953410442,0.0009168132738466284,0.0009168132738466284,0.0009168132738466284,0.0,0.0009168132738466284,1.0,0.0,0,0.9970020807601103,0.5518131271914635,1.8067748511792452,4.0,True
ewma,volatility,ewma,3.0,0.95,0.8,False,15.0,,,,,,,,1,spot,100.0,450.0,0.015,0.015,False,2,0.0020519614177162172,0.0011552861488062227,0.0011552861488062227,0.0008393743586798674,0.0,0.0008393743586798674,1.0,1.0,2,0.3196108936336874,0.2913818258964339,1.0968799877974784,0.0,True
ewma,volatility,ewma,1.25,0.95,0.8,False,15.0,,,,,,,,1,spot,100.0,450.0,0.015,0.015,False,2,0.0016745731465333353,0.0009131968524362932,0.0009131968524362932,0.00012496406905260216,0.0,0.00012496406905260216,1.0,0.0,0,0.9284644994413729,0.38283815929731796,2.425214093457996,2.0,True
ewma,volatility,ewma,3.0,0.95,0.8,True,1.0,,,,,,,,1,spot,100.0,450.0,0.015,0.015,False,1,0.001482232056876092,0.0008393743586798674,0.0008393743586798674,0.0008393743586798674,0.0,0.0008393743586798674,1.0,0.0,0,0.23621409366735407,0.28750930669596614,0.8215876431337388,0.0,False
ewma,volatility,ewma,3.0,0.95,0.8,False,1.0,,,,,,,,1,spot,100.0,450.0,0.015,0.015,False,1,0.001482232056876092,0.0008393743586798674,0.0008393743586798674,0.0008393743586798674,0.0,0.0008393743586798674,1.0,0.0,0,0.23621409366735407,0.28750930669596614,0.8215876431337388,0.0,False
ewma,volatility,ewma,3.0,0.95,0.8,False,3.0,,,,,,,,1,spot,100.0,450.0,0.015,0.015,False,1,0.001482232056876092,0.0008393743586798674,0.0008393743586798674,0.0008393743586798674,0.0,0.0008393743586798674,1.0,0.0,0,0.23621409366735407,0.28750930669596614,0.8215876431337388,0.0,False
ewma,volatility,ewma,3.0,0.95,0.8,False,5.0,,,,,,,,1,spot,100.0,450.0,0.015,0.015,False,1,0.001482232056876092,0.0008393743586798674,0.0008393743586798674,0.0008393743586798674,0.0,0.0008393743586798674,1.0,0.0,0,0.23621409366735407,0.28750930669596614,0.8215876431337388,0.0,False
ewma,volatility,ewma,3.0,0.95,0.8,False,10.0,,,,,,,,1,spot,100.0,450.0,0.015,0.015,False,1,0.001482232056876092,0.0008393743586798674,0.0008393743586798674,0.0008393743586798674,0.0,0.0008393743586798674,1.0,0.0,0,0.23621409366735407,0.28750930669596614,0.8215876431337388,0.0,False
ewma,volatility,ewma,3.0,0.95,0.8,True,3.0,,,,,,,,1,spot,100.0,450.0,0.015,0.015,False,1,0.001482232056876092,0.0008393743586798674,0.0008393743586798674,0.0008393743586798674,0.0,0.0008393743586798674,1.0,0.0,0,0.23621409366735407,0.28750930669596614,0.8215876431337388,0.0,False
ewma,volatility,ewma,2.0,0.99,0.5,False,10.0,,,,,,,,1,spot,100.0,450.0,0.015,0.015,False,1,0.001482232056876092,0.0008393743586798674,0.0008393743586798674,0.0008393743586798674,0.0,0.0008393743586798674,1.0,0.0,0,0.23621409366735407,0.28750930669596614,0.8215876431337388,0.0,False
ewma,volatility,ewma,2.25,0.99,0.5,False,10.0,,,,,,,,1,spot,100.0,450.0,0.015,0.015,False,1,0.001482232056876092,0.0008393743586798674,0.0008393743586798674,0.0008393743586798674,0.0,0.0008393743586798674,1.0,0.0,0,0.23621409366735407,0.28750930669596614,0.8215876431337388,0.0,False
ewma,volatility,ewma,2.0,0.99,0.5,False,5.0,,,,,,,,1,spot,100.0,450.0,0.015,0.015,False,1,0.001482232056876092,0.0008393743586798674,0.0008393743586798674,0.0008393743586798674,0.0,0.0008393743586798674,1.0,0.0,0,0.23621409366735407,0.28750930669596614,0.8215876431337388,0.0,False
ewma,volatility,ewma,2.25,0.99,0.5,False,5.0,,,,,,,,1,spot,100.0,450.0,0.015,0.015,False,1,0.001482232056876092,0.0008393743586798674,0.0008393743586798674,0.0008393743586798674,0.0,0.0008393743586798674,1.0,0.0,0,0.23621409366735407,0.28750930669596614,0.8215876431337388,0.0,False
ewma,volatility,ewma,1.75,0.975,0.7,False,5.0,,,,,,,,1,spot,100.0,450.0,0.015,0.015,False,1,0.001482232056876092,0.0008393743586798674,0.0008393743586798674,0.0008393743586798674,0.0,0.0008393743586798674,1.0,0.0,0,0.23621409366735407,0.28750930669596614,0.8215876431337388,0.0,False
ewma,volatility,ewma,3.0,0.99,0.7,False,5.0,,,,,,,,1,spot,100.0,450.0,0.015,0.015,False,1,0.001482232056876092,0.0008393743586798674,0.0008393743586798674,0.0008393743586798674,0.0,0.0008393743586798674,1.0,0.0,0,0.23621409366735407,0.28750930669596614,0.8215876431337388,0.0,False
ewma,volatility,ewma,1.25,0.975,0.5,False,5.0,,,,,,,,1,spot,100.0,450.0,0.015,0.015,False,1,0.001482232056876092,0.0008393743586798674,0.0008393743586798674,0.0008393743586798674,0.0,0.0008393743586798674,1.0,0.0,0,0.23621409366735407,0.28750930669596614,0.8215876431337388,0.0,False
ewma,volatility,ewma,1.25,0.975,0.6,False,5.0,,,,,,,,1,spot,100.0,450.0,0.015,0.015,False,1,0.001482232056876092,0.0008393743586798674,0.0008393743586798674,0.0008393743586798674,0.0,0.0008393743586798674,1.0,0.0,0,0.23621409366735407,0.28750930669596614,0.8215876431337388,0.0,False
ewma,volatility,ewma,1.5,0.975,0.5,False,5.0,,,,,,,,1,spot,100.0,450.0,0.015,0.015,False,1,0.001482232056876092,0.0008393743586798674,0.0008393743586798674,0.0008393743586798674,0.0,0.0008393743586798674,1.0,0.0,0,0.23621409366735407,0.28750930669596614,0.8215876431337388,0.0,False
ewma,volatility,ewma,1.5,0.975,0.6,False,5.0,,,,,,,,1,spot,100.0,450.0,0.015,0.015,False,1,0.001482232056876092,0.0008393743586798674,0.0008393743586798674,0.0008393743586798674,0.0,0.0008393743586798674,1.0,0.0,0,0.23621409366735407,0.28750930669596614,0.8215876431337388,0.0,False
ewma,volatility,ewma,1.5,0.975,0.7,False,5.0,,,,,,,,1,spot,100.0,450.0,0.015,0.015,False,1,0.001482232056876092,0.0008393743586798674,0.0008393743586798674,0.0008393743586798674,0.0,0.0008393743586798674,1.0,0.0,0,0.23621409366735407,0.28750930669596614,0.8215876431337388,0.0,False
ewma,volatility,ewma,0.75,0.95,0.5,False,15.0,,,,,,,,1,spot,100.0,450.0,0.015,0.015,False,1,0.0013336733395668914,0.0005664323893679324,0.0005664323893679324,0.0005664323893679324,0.0,0.0005664323893679324,1.0,0.0,0,0.3634181084283469,0.2973010983629991,1.2223907359555737,1.0,True
ewma,volatility,ewma,1.0,0.95,0.5,False,15.0,,,,,,,,1,spot,100.0,450.0,0.015,0.015,False,1,0.0013336733395668914,0.0005664323893679324,0.0005664323893679324,0.0005664323893679324,0.0,0.0005664323893679324,1.0,0.0,0,0.3634181084283469,0.2973010983629991,1.2223907359555737,1.0,True
ewma,volatility,ewma,1.0,0.95,0.4,False,15.0,,,,,,,,1,spot,100.0,450.0,0.015,0.015,False,1,0.0013336733395668914,0.0005664323893679324,0.0005664323893679324,0.0005664323893679324,0.0,0.0005664323893679324,1.0,0.0,0,0.3634181084283469,0.2973010983629991,1.2223907359555737,1.0,True
ewma,volatility,ewma,0.75,0.95,0.7,False,15.0,,,,,,,,1,spot,100.0,450.0,0.015,0.015,False,1,0.0013336733395668914,0.0005664323893679324,0.0005664323893679324,0.0005664323893679324,0.0,0.0005664323893679324,1.0,0.0,0,0.3634181084283469,0.2973010983629991,1.2223907359555737,1.0,True
ewma,volatility,ewma,0.75,0.95,0.6,False,15.0,,,,,,,,1,spot,100.0,450.0,0.015,0.015,False,1,0.0013336733395668914,0.0005664323893679324,0.0005664323893679324,0.0005664323893679324,0.0,0.0005664323893679324,1.0,0.0,0,0.3634181084283469,0.2973010983629991,1.2223907359555737,1.0,True
ewma,volatility,ewma,0.5,0.95,0.8,False,15.0,,,,,,,,1,spot,100.0,450.0,0.015,0.015,False,1,0.0013336733395668914,0.0005664323893679324,0.0005664323893679324,0.0005664323893679324,0.0,0.0005664323893679324,1.0,0.0,0,0.3634181084283469,0.2973010983629991,1.2223907359555737,1.0,True
ewma,volatility,ewma,0.75,0.95,0.3,False,15.0,,,,,,,,1,spot,100.0,450.0,0.015,0.015,False,1,0.0013336733395668914,0.0005664323893679324,0.0005664323893679324,0.0005664323893679324,0.0,0.0005664323893679324,1.0,0.0,0,0.3634181084283469,0.2973010983629991,1.2223907359555737,1.0,True
ewma,volatility,ewma,0.75,0.95,0.4,False,15.0,,,,,,,,1,spot,100.0,450.0,0.015,0.015,False,1,0.0013336733395668914,0.0005664323893679324,0.0005664323893679324,0.0005664323893679324,0.0,0.0005664323893679324,1.0,0.0,0,0.3634181084283469,0.2973010983629991,1.2223907359555737,1.0,True
ewma,volatility,ewma,1.0,0.95,0.3,False,15.0,,,,,,,,1,spot,100.0,450.0,0.015,0.015,False,1,0.0013336733395668914,0.0005664323893679324,0.0005664323893679324,0.0005664323893679324,0.0,0.0005664323893679324,1.0,0.0,0,0.3634181084283469,0.2973010983629991,1.2223907359555737,1.0,True
ewma,volatility,ewma,0.5,0.95,0.7,False,15.0,,,,,,,,1,spot,100.0,450.0,0.015,0.015,False,1,0.0013336733395668914,0.0005664323893679324,0.0005664323893679324,0.0005664323893679324,0.0,0.0005664323893679324,1.0,0.0,0,0.3634181084283469,0.2973010983629991,1.2223907359555737,1.0,True
ewma,volatility,ewma,0.5,0.95,0.5,False,15.0,,,,,,,,1,spot,100.0,450.0,0.015,0.015,False,1,0.0013336733395668914,0.0005664323893679324,0.0005664323893679324,0.0005664323893679324,0.0,0.0005664323893679324,1.0,0.0,0,0.3634181084283469,0.2973010983629991,1.2223907359555737,1.0,True
ewma,volatility,ewma,0.5,0.95,0.6,False,15.0,,,,,,,,1,spot,100.0,450.0,0.015,0.015,False,1,0.0013336733395668914,0.0005664323893679324,0.0005664323893679324,0.0005664323893679324,0.0,0.0005664323893679324,1.0,0.0,0,0.3634181084283469,0.2973010983629991,1.2223907359555737,1.0,True
ewma,volatility,ewma,2.75,0.975,0.7,True,1.0,,,,,,,,1,spot,100.0,450.0,0.015,0.015,False,2,0.0008016798790120237,0.0008484933703267195,0.0008484933703267195,-0.00017410995585553923,0.0,-0.00017410995585553923,0.5,0.0,0,0.7384725027755338,0.39556994942474455,1.8668569335194785,2.0,True
ewma,volatility,ewma,2.75,0.975,0.7,False,1.0,,,,,,,,1,spot,100.0,450.0,0.015,0.015,False,2,0.0008016798790120237,0.0008484933703267195,0.0008484933703267195,-0.00017410995585553923,0.0,-0.00017410995585553923,0.5,0.0,0,0.7384725027755338,0.39556994942474455,1.8668569335194785,2.0,True
ewma,volatility,ewma,2.75,0.975,0.7,False,3.0,,,,,,,,1,spot,100.0,450.0,0.015,0.015,False,2,0.0008016798790120237,0.0008484933703267195,0.0008484933703267195,-0.00017410995585553923,0.0,-0.00017410995585553923,0.5,0.0,0,0.7384725027755338,0.39556994942474455,1.8668569335194785,2.0,True
ewma,volatility,ewma,2.75,0.975,0.7,False,5.0,,,,,,,,1,spot,100.0,450.0,0.015,0.015,False,2,0.0008016798790120237,0.0008484933703267195,0.0008484933703267195,-0.00017410995585553923,0.0,-0.00017410995585553923,0.5,0.0,0,0.7384725027755338,0.39556994942474455,1.8668569335194785,2.0,True
ewma,volatility,ewma,0.5,0.95,0.4,False,15.0,,,,,,,,1,spot,100.0,450.0,0.015,0.015,False,2,0.0002358368258100098,0.0002463815440447159,0.0002463815440447159,-7.366930127850058e-05,9.424670038703792e-05,-7.366930127850058e-05,0.5,0.0,0,0.40923933395708395,0.3334188516187253,1.2274031056440136,0.5,True
ewma,volatility,ewma,3.0,0.975,0.7,False,15.0,,,,,,,,1,spot,100.0,450.0,0.015,0.015,False,2,9.127237310951528e-05,0.00037135165899554456,0.00037135165899554456,-0.00017410995585553923,0.0,-0.00017410995585553923,0.5,0.0,0,0.5723162846291785,0.4407584376503907,1.2984806091974113,2.0,True
ewma,volatility,ewma,0.5,0.99,0.4,False,5.0,,,,,,,,1,spot,100.0,450.0,0.015,0.015,False,1,-0.00012765129691340093,-7.366930127850058e-05,-7.366930127850058e-05,-7.366930127850058e-05,9.424670038703792e-05,-7.366930127850058e-05,0.0,1.0,1,0.455060559485821,0.36953660487445156,1.231435677773859,0.0,False
ewma,volatility,ewma,0.5,0.99,0.4,False,10.0,,,,,,,,1,spot,100.0,450.0,0.015,0.015,False,1,-0.00012765129691340093,-7.366930127850058e-05,-7.366930127850058e-05,-7.366930127850058e-05,9.424670038703792e-05,-7.366930127850058e-05,0.0,0.0,0,0.455060559485821,0.36953660487445156,1.231435677773859,0.0,False
ewma,volatility,ewma,0.5,0.99,0.4,False,15.0,,,,,,,,1,spot,100.0,450.0,0.015,0.015,False,1,-0.00012765129691340093,-7.366930127850058e-05,-7.366930127850058e-05,-7.366930127850058e-05,9.424670038703792e-05,-7.366930127850058e-05,0.0,0.0,0,0.455060559485821,0.36953660487445156,1.231435677773859,0.0,False
ewma,volatility,ewma,0.5,0.95,0.3,True,1.0,,,,,,,,1,spot,100.0,450.0,0.015,0.015,False,1,-0.00012765129691340093,-7.366930127850058e-05,-7.366930127850058e-05,-7.366930127850058e-05,9.424670038703792e-05,-7.366930127850058e-05,0.0,0.0,0,0.455060559485821,0.36953660487445156,1.231435677773859,0.0,False
ewma,volatility,ewma,0.5,0.95,0.3,True,3.0,,,,,,,,1,spot,100.0,450.0,0.015,0.015,False,1,-0.00012765129691340093,-7.366930127850058e-05,-7.366930127850058e-05,-7.366930127850058e-05,9.424670038703792e-05,-7.366930127850058e-05,0.0,0.0,0,0.455060559485821,0.36953660487445156,1.231435677773859,0.0,False
ewma,volatility,ewma,0.5,0.95,0.3,True,5.0,,,,,,,,1,spot,100.0,450.0,0.015,0.015,False,1,-0.00012765129691340093,-7.366930127850058e-05,-7.366930127850058e-05,-7.366930127850058e-05,9.424670038703792e-05,-7.366930127850058e-05,0.0,0.0,0,0.455060559485821,0.36953660487445156,1.231435677773859,0.0,False
ewma,volatility,ewma,0.5,0.95,0.3,False,1.0,,,,,,,,1,spot,100.0,450.0,0.015,0.015,False,1,-0.00012765129691340093,-7.366930127850058e-05,-7.366930127850058e-05,-7.366930127850058e-05,9.424670038703792e-05,-7.366930127850058e-05,0.0,0.0,0,0.455060559485821,0.36953660487445156,1.231435677773859,0.0,False
ewma,volatility,ewma,0.5,0.95,0.3,False,3.0,,,,,,,,1,spot,100.0,450.0,0.015,0.015,False,1,-0.00012765129691340093,-7.366930127850058e-05,-7.366930127850058e-05,-7.366930127850058e-05,9.424670038703792e-05,-7.366930127850058e-05,0.0,0.0,0,0.455060559485821,0.36953660487445156,1.231435677773859,0.0,False
ewma,volatility,ewma,0.5,0.95,0.3,False,5.0,,,,,,,,1,spot,100.0,450.0,0.015,0.015,False,1,-0.00012765129691340093,-7.366930127850058e-05,-7.366930127850058e-05,-7.366930127850058e-05,9.424670038703792e-05,-7.366930127850058e-05,0.0,0.0,0,0.455060559485821,0.36953660487445156,1.231435677773859,0.0,False
ewma,volatility,ewma,0.5,0.95,0.3,False,10.0,,,,,,,,1,spot,100.0,450.0,0.015,0.015,False,1,-0.00012765129691340093,-7.366930127850058e-05,-7.366930127850058e-05,-7.366930127850058e-05,9.424670038703792e-05,-7.366930127850058e-05,0.0,0.0,0,0.455060559485821,0.36953660487445156,1.231435677773859,0.0,False
ewma,volatility,ewma,0.5,0.95,0.3,False,15.0,,,,,,,,1,spot,100.0,450.0,0.015,0.015,False,1,-0.00012765129691340093,-7.366930127850058e-05,-7.366930127850058e-05,-7.366930127850058e-05,9.424670038703792e-05,-7.366930127850058e-05,0.0,0.0,0,0.455060559485821,0.36953660487445156,1.231435677773859,0.0,False
ewma,volatility,ewma,0.5,0.95,0.4,True,1.0,,,,,,,,1,spot,100.0,450.0,0.015,0.015,False,1,-0.00012765129691340093,-7.366930127850058e-05,-7.366930127850058e-05,-7.366930127850058e-05,9.424670038703792e-05,-7.366930127850058e-05,0.0,0.0,0,0.455060559485821,0.36953660487445156,1.231435677773859,0.0,False
ewma,volatility,ewma,0.5,0.95,0.4,True,3.0,,,,,,,,1,spot,100.0,450.0,0.015,0.015,False,1,-0.00012765129691340093,-7.366930127850058e-05,-7.366930127850058e-05,-7.366930127850058e-05,9.424670038703792e-05,-7.366930127850058e-05,0.0,0.0,0,0.455060559485821,0.36953660487445156,1.231435677773859,0.0,False
ewma,volatility,ewma,0.5,0.95,0.4,True,5.0,,,,,,,,1,spot,100.0,450.0,0.015,0.015,False,1,-0.00012765129691340093,-7.366930127850058e-05,-7.366930127850058e-05,-7.366930127850058e-05,9.424670038703792e-05,-7.366930127850058e-05,0.0,0.0,0,0.455060559485821,0.36953660487445156,1.231435677773859,0.0,False
ewma,volatility,ewma,0.5,0.95,0.4,False,1.0,,,,,,,,1,spot,100.0,450.0,0.015,0.015,False,1,-0.00012765129691340093,-7.366930127850058e-05,-7.366930127850058e-05,-7.366930127850058e-05,9.424670038703792e-05,-7.366930127850058e-05,0.0,0.0,0,0.455060559485821,0.36953660487445156,1.231435677773859,0.0,False
ewma,volatility,ewma,0.5,0.95,0.4,False,3.0,,,,,,,,1,spot,100.0,450.0,0.015,0.015,False,1,-0.00012765129691340093,-7.366930127850058e-05,-7.366930127850058e-05,-7.366930127850058e-05,9.424670038703792e-05,-7.366930127850058e-05,0.0,0.0,0,0.455060559485821,0.36953660487445156,1.231435677773859,0.0,False
ewma,volatility,ewma,0.5,0.95,0.4,False,5.0,,,,,,,,1,spot,100.0,450.0,0.015,0.015,False,1,-0.00012765129691340093,-7.366930127850058e-05,-7.366930127850058e-05,-7.366930127850058e-05,9.424670038703792e-05,-7.366930127850058e-05,0.0,0.0,0,0.455060559485821,0.36953660487445156,1.231435677773859,0.0,False
ewma,volatility,ewma,0.5,0.95,0.4,False,10.0,,,,,,,,1,spot,100.0,450.0,0.015,0.015,False,1,-0.00012765129691340093,-7.366930127850058e-05,-7.366930127850058e-05,-7.366930127850058e-05,9.424670038703792e-05,-7.366930127850058e-05,0.0,0.0,0,0.455060559485821,0.36953660487445156,1.231435677773859,0.0,False
ewma,volatility,ewma,0.5,0.975,0.3,True,1.0,,,,,,,,1,spot,100.0,450.0,0.015,0.015,False,1,-0.00012765129691340093,-7.366930127850058e-05,-7.366930127850058e-05,-7.366930127850058e-05,9.424670038703792e-05,-7.366930127850058e-05,0.0,0.0,0,0.455060559485821,0.36953660487445156,1.231435677773859,0.0,False
ewma,volatility,ewma,1.25,0.95,0.3,True,1.0,,,,,,,,1,spot,100.0,450.0,0.015,0.015,False,1,-0.0001631416910348461,9.33011723289745e-05,9.33011723289745e-05,9.33011723289745e-05,0.0,9.33011723289745e-05,1.0,0.0,0,0.25624393763542574,0.3635343926832292,0.7048684878041444,0.0,False
ewma,volatility,ewma,1.25,0.95,0.3,False,1.0,,,,,,,,1,spot,100.0,450.0,0.015,0.015,False,1,-0.0001631416910348461,9.33011723289745e-05,9.33011723289745e-05,9.33011723289745e-05,0.0,9.33011723289745e-05,1.0,0.0,0,0.25624393763542574,0.3635343926832292,0.7048684878041444,0.0,False
ewma,volatility,ewma,2.5,0.95,0.3,True,3.0,,,,,,,,1,spot,100.0,450.0,0.015,0.015,False,1,-0.0005790186421668345,1.911081185368424e-05,1.911081185368424e-05,1.911081185368424e-05,0.0,1.911081185368424e-05,1.0,1.0,1,0.16405260988287082,0.3041215430674793,0.5394310716306947,0.0,False
ewma,volatility,ewma,2.5,0.95,0.3,True,5.0,,,,,,,,1,spot,100.0,450.0,0.015,0.015,False,1,-0.0005790186421668345,1.911081185368424e-05,1.911081185368424e-05,1.911081185368424e-05,0.0,1.911081185368424e-05,1.0,0.0,0,0.16405260988287082,0.3041215430674793,0.5394310716306947,0.0,False
ewma,volatility,ewma,2.5,0.95,0.3,False,3.0,,,,,,,,1,spot,100.0,450.0,0.015,0.015,False,1,-0.0005790186421668345,1.911081185368424e-05,1.911081185368424e-05,1.911081185368424e-05,0.0,1.911081185368424e-05,1.0,0.0,0,0.16405260988287082,0.3041215430674793,0.5394310716306947,0.0,False
ewma,volatility,ewma,2.5,0.95,0.3,False,5.0,,,,,,,,1,spot,100.0,450.0,0.015,0.015,False,1,-0.0005790186421668345,1.911081185368424e-05,1.911081185368424e-05,1.911081185368424e-05,0.0,1.911081185368424e-05,1.0,0.0,0,0.16405260988287082,0.3041215430674793,0.5394310716306947,0.0,False
ewma,volatility,ewma,2.5,0.95,0.3,False,10.0,,,,,,,,1,spot,100.0,450.0,0.015,0.015,False,1,-0.0005790186421668345,1.911081185368424e-05,1.911081185368424e-05,1.911081185368424e-05,0.0,1.911081185368424e-05,1.0,0.0,0,0.16405260988287082,0.3041215430674793,0.5394310716306947,0.0,False
ewma,volatility,ewma,2.5,0.95,0.3,False,15.0,,,,,,,,1,spot,100.0,450.0,0.015,0.015,False,1,-0.0005790186421668345,1.911081185368424e-05,1.911081185368424e-05,1.911081185368424e-05,0.0,1.911081185368424e-05,1.0,0.0,0,0.16405260988287082,0.3041215430674793,0.5394310716306947,0.0,False
ewma,volatility,ewma,2.5,0.975,0.3,True,3.0,,,,,,,,1,spot,100.0,450.0,0.015,0.015,False,1,-0.0005790186421668345,1.911081185368424e-05,1.911081185368424e-05,1.911081185368424e-05,0.0,1.911081185368424e-05,1.0,0.0,0,0.16405260988287082,0.3041215430674793,0.5394310716306947,0.0,False
ewma,volatility,ewma,2.5,0.975,0.3,True,5.0,,,,,,,,1,spot,100.0,450.0,0.015,0.015,False,1,-0.0005790186421668345,1.911081185368424e-05,1.911081185368424e-05,1.911081185368424e-05,0.0,1.911081185368424e-05,1.0,0.0,0,0.16405260988287082,0.3041215430674793,0.5394310716306947,0.0,False
ewma,volatility,ewma,2.5,0.975,0.3,False,3.0,,,,,,,,1,spot,100.0,450.0,0.015,0.015,False,1,-0.0005790186421668345,1.911081185368424e-05,1.911081185368424e-05,1.911081185368424e-05,0.0,1.911081185368424e-05,1.0,0.0,0,0.16405260988287082,0.3041215430674793,0.5394310716306947,0.0,False
ewma,volatility,ewma,2.5,0.975,0.3,False,5.0,,,,,,,,1,spot,100.0,450.0,0.015,0.015,False,1,-0.0005790186421668345,1.911081185368424e-05,1.911081185368424e-05,1.911081185368424e-05,0.0,1.911081185368424e-05,1.0,0.0,0,0.16405260988287082,0.3041215430674793,0.5394310716306947,0.0,False
ewma,volatility,ewma,2.5,0.975,0.3,False,10.0,,,,,,,,1,spot,100.0,450.0,0.015,0.015,False,1,-0.0005790186421668345,1.911081185368424e-05,1.911081185368424e-05,1.911081185368424e-05,0.0,1.911081185368424e-05,1.0,0.0,0,0.16405260988287082,0.3041215430674793,0.5394310716306947,0.0,False
ewma,volatility,ewma,2.5,0.975,0.3,False,15.0,,,,,,,,1,spot,100.0,450.0,0.015,0.015,False,1,-0.0005790186421668345,1.911081185368424e-05,1.911081185368424e-05,1.911081185368424e-05,0.0,1.911081185368424e-05,1.0,0.0,0,0.16405260988287082,0.3041215430674793,0.5394310716306947,0.0,False
ewma,volatility,ewma,2.5,0.99,0.3,True,3.0,,,,,,,,1,spot,100.0,450.0,0.015,0.015,False,1,-0.0005790186421668345,1.911081185368424e-05,1.911081185368424e-05,1.911081185368424e-05,0.0,1.911081185368424e-05,1.0,0.0,0,0.16405260988287082,0.3041215430674793,0.5394310716306947,0.0,False
ewma,volatility,ewma,2.5,0.99,0.3,True,5.0,,,,,,,,1,spot,100.0,450.0,0.015,0.015,False,1,-0.0005790186421668345,1.911081185368424e-05,1.911081185368424e-05,1.911081185368424e-05,0.0,1.911081185368424e-05,1.0,0.0,0,0.16405260988287082,0.3041215430674793,0.5394310716306947,0.0,False
ewma,volatility,ewma,2.5,0.99,0.3,False,3.0,,,,,,,,1,spot,100.0,450.0,0.015,0.015,False,1,-0.0005790186421668345,1.911081185368424e-05,1.911081185368424e-05,1.911081185368424e-05,0.0,1.911081185368424e-05,1.0,0.0,0,0.16405260988287082,0.3041215430674793,0.5394310716306947,0.0,False
ewma,volatility,ewma,2.5,0.99,0.3,False,5.0,,,,,,,,1,spot,100.0,450.0,0.015,0.015,False,1,-0.0005790186421668345,1.911081185368424e-05,1.911081185368424e-05,1.911081185368424e-05,0.0,1.911081185368424e-05,1.0,0.0,0,0.16405260988287082,0.3041215430674793,0.5394310716306947,0.0,False
ewma,volatility,ewma,2.5,0.99,0.3,False,10.0,,,,,,,,1,spot,100.0,450.0,0.015,0.015,False,1,-0.0005790186421668345,1.911081185368424e-05,1.911081185368424e-05,1.911081185368424e-05,0.0,1.911081185368424e-05,1.0,0.0,0,0.16405260988287082,0.3041215430674793,0.5394310716306947,0.0,False
ewma,volatility,ewma,2.5,0.99,0.3,False,15.0,,,,,,,,1,spot,100.0,450.0,0.015,0.015,False,1,-0.0005790186421668345,1.911081185368424e-05,1.911081185368424e-05,1.911081185368424e-05,0.0,1.911081185368424e-05,1.0,0.0,0,0.16405260988287082,0.3041215430674793,0.5394310716306947,0.0,False
ewma,volatility,ewma,2.5,0.999,0.3,True,3.0,,,,,,,,1,spot,100.0,450.0,0.015,0.015,False,1,-0.0005790186421668345,1.911081185368424e-05,1.911081185368424e-05,1.911081185368424e-05,0.0,1.911081185368424e-05,1.0,0.0,0,0.16405260988287082,0.3041215430674793,0.5394310716306947,0.0,False
ewma,volatility,ewma,2.5,0.999,0.3,True,5.0,,,,,,,,1,spot,100.0,450.0,0.015,0.015,False,1,-0.0005790186421668345,1.911081185368424e-05,1.911081185368424e-05,1.911081185368424e-05,0.0,1.911081185368424e-05,1.0,0.0,0,0.16405260988287082,0.3041215430674793,0.5394310716306947,0.0,False
ewma,volatility,ewma,2.0,0.975,0.5,True,5.0,,,,,,,,1,spot,100.0,450.0,0.015,0.015,False,1,-0.0007983568051808046,-0.0001368619669082083,-0.0001368619669082083,-0.0001368619669082083,0.0,-0.0001368619669082083,0.0,0.0,0,0.21423356857294865,0.36202009926871903,0.5917725811514352,0.0,False
ewma,volatility,ewma,1.75,0.975,0.6,True,5.0,,,,,,,,1,spot,100.0,450.0,0.015,0.015,False,1,-0.0007983568051808046,-0.0001368619669082083,-0.0001368619669082083,-0.0001368619669082083,0.0,-0.0001368619669082083,0.0,0.0,0,0.21423356857294865,0.36202009926871903,0.5917725811514352,0.0,False
ewma,volatility,ewma,1.25,0.975,0.8,True,5.0,,,,,,,,1,spot,100.0,450.0,0.015,0.015,False,1,-0.0007983568051808046,-0.0001368619669082083,-0.0001368619669082083,-0.0001368619669082083,0.0,-0.0001368619669082083,0.0,0.0,0,0.21423356857294865,0.36202009926871903,0.5917725811514352,0.0,False
ewma,volatility,ewma,1.5,0.975,0.7,True,5.0,,,,,,,,1,spot,100.0,450.0,0.015,0.015,False,1,-0.0007983568051808046,-0.0001368619669082083,-0.0001368619669082083,-0.0001368619669082083,0.0,-0.0001368619669082083,0.0,0.0,0,0.21423356857294865,0.36202009926871903,0.5917725811514352,0.0,False
ewma,volatility,ewma,2.75,0.975,0.7,False,15.0,,,,,,,,1,spot,100.0,450.0,0.015,0.015,False,3,-0.0008356047941281355,0.0005200415912484102,-0.0001368619669082083,-0.00017410995585553923,0.0,-0.00017410995585553923,0.3333333333333333,0.6666666666666666,2,0.5637261913746721,0.3843866660394027,1.4665602144401275,1.3333333333333333,False
ewma,volatility,ewma,2.75,0.975,0.7,False,10.0,,,,,,,,1,spot,100.0,450.0,0.015,0.015,False,3,-0.0008356047941281355,0.0005200415912484102,-0.0001368619669082083,-0.00017410995585553923,0.0,-0.00017410995585553923,0.3333333333333333,0.0,0,0.5637261913746721,0.3843866660394027,1.4665602144401275,1.3333333333333333,False
ewma,volatility,ewma,2.5,0.975,0.8,False,15.0,,,,,,,,1,spot,100.0,450.0,0.015,0.015,False,3,-0.0008356047941281355,0.0004289050182262703,-0.0001368619669082083,-0.00017410995585553923,0.0,-0.00017410995585553923,0.3333333333333333,0.0,0,0.4931272271002925,0.3843866660394027,1.2828936866653513,1.3333333333333333,False
ewma,volatility,ewma,2.75,0.975,0.8,False,15.0,,,,,,,,1,spot,100.0,450.0,0.015,0.015,False,3,-0.001057577391040281,0.0001279562513902451,-0.0001368619669082083,-0.0003960825527676848,0.0,-0.0003960825527676848,0.3333333333333333,0.0,0,0.4406590309350533,0.4454440488667144,0.9892578698854885,1.3333333333333333,False
ewma,volatility,ewma,3.0,0.975,0.8,False,15.0,,,,,,,,1,spot,100.0,450.0,0.015,0.015,False,3,-0.001057577391040281,0.0001279562513902451,-0.0001368619669082083,-0.0003960825527676848,0.0,-0.0003960825527676848,0.3333333333333333,0.0,0,0.4406590309350533,0.4454440488667144,0.9892578698854885,1.3333333333333333,False
ewma,volatility,ewma,1.25,0.95,0.4,False,15.0,,,,,,,,1,spot,100.0,450.0,0.015,0.015,False,2,-0.0011515546252215938,-7.04956592744721e-05,-7.04956592744721e-05,-0.0007074237079168766,0.0,-0.0007074237079168766,0.5,0.0,0,0.25708476813869074,0.3431762327486868,0.7491333711532344,0.5,False
ewma,volatility,ewma,2.75,0.975,0.7,True,3.0,,,,,,,,1,spot,100.0,450.0,0.015,0.015,False,1,-0.001151701977489244,-0.00017410995585553923,-0.00017410995585553923,-0.00017410995585553923,0.0,-0.00017410995585553923,0.0,0.0,0,0.14763048849824664,0.32970374810931796,0.4477670919570428,0.0,False
ewma,volatility,ewma,2.5,0.975,0.8,True,1.0,,,,,,,,1,spot,100.0,450.0,0.015,0.015,False,1,-0.001151701977489244,-0.00017410995585553923,-0.00017410995585553923,-0.00017410995585553923,0.0,-0.00017410995585553923,0.0,0.0,0,0.14763048849824664,0.32970374810931796,0.4477670919570428,0.0,False
ewma,volatility,ewma,2.5,0.975,0.8,True,3.0,,,,,,,,1,spot,100.0,450.0,0.015,0.015,False,1,-0.001151701977489244,-0.00017410995585553923,-0.00017410995585553923,-0.00017410995585553923,0.0,-0.00017410995585553923,0.0,0.0,0,0.14763048849824664,0.32970374810931796,0.4477670919570428,0.0,False
ewma,volatility,ewma,2.5,0.975,0.8,False,1.0,,,,,,,,1,spot,100.0,450.0,0.015,0.015,False,1,-0.001151701977489244,-0.00017410995585553923,-0.00017410995585553923,-0.00017410995585553923,0.0,-0.00017410995585553923,0.0,0.0,0,0.14763048849824664,0.32970374810931796,0.4477670919570428,0.0,False
ewma,volatility,ewma,2.5,0.975,0.8,False,3.0,,,,,,,,1,spot,100.0,450.0,0.015,0.015,False,1,-0.001151701977489244,-0.00017410995585553923,-0.00017410995585553923,-0.00017410995585553923,0.0,-0.00017410995585553923,0.0,0.0,0,0.14763048849824664,0.32970374810931796,0.4477670919570428,0.0,False
ewma,volatility,ewma,2.5,0.975,0.8,False,5.0,,,,,,,,1,spot,100.0,450.0,0.015,0.015,False,1,-0.001151701977489244,-0.00017410995585553923,-0.00017410995585553923,-0.00017410995585553923,0.0,-0.00017410995585553923,0.0,0.0,0,0.14763048849824664,0.32970374810931796,0.4477670919570428,0.0,False
ewma,volatility,ewma,1.5,0.95,0.3,False,15.0,,,,,,,,1,spot,100.0,450.0,0.015,0.015,False,3,-0.0012377522903192387,0.0001370667571481595,9.33011723289745e-05,-0.00024853329025242843,0.0007327761367029897,-0.00024853329025242843,0.6666666666666666,0.0,0,0.2858054173409967,0.579119835489614,0.4935168851527317,9.0,False
ewma,volatility,ewma,3.0,0.95,0.3,True,10.0,,,,,,,,1,spot,100.0,450.0,0.015,0.015,False,1,-0.001339151551098217,-0.0003161556294968282,-0.0003161556294968282,-0.0003161556294968282,0.0,-0.0003161556294968282,0.0,1.0,1,0.12184820905138526,0.24705633167569152,0.49320010632771083,0.0,False
ewma,volatility,ewma,3.0,0.95,0.3,True,15.0,,,,,,,,1,spot,100.0,450.0,0.015,0.015,False,1,-0.001339151551098217,-0.0003161556294968282,-0.0003161556294968282,-0.0003161556294968282,0.0,-0.0003161556294968282,0.0,0.0,0,0.12184820905138526,0.24705633167569152,0.49320010632771083,0.0,False
ewma,volatility,ewma,3.0,0.95,0.3,True,3.0,,,,,,,,1,spot,100.0,450.0,0.015,0.015,False,1,-0.001339151551098217,-0.0003161556294968282,-0.0003161556294968282,-0.0003161556294968282,0.0,-0.0003161556294968282,0.0,0.0,0,0.12184820905138526,0.24705633167569152,0.49320010632771083,0.0,False
ewma,volatility,ewma,3.0,0.95,0.3,True,5.0,,,,,,,,1,spot,100.0,450.0,0.015,0.015,False,1,-0.001339151551098217,-0.0003161556294968282,-0.0003161556294968282,-0.0003161556294968282,0.0,-0.0003161556294968282,0.0,0.0,0,0.12184820905138526,0.24705633167569152,0.49320010632771083,0.0,False
ewma,volatility,ewma,3.0,0.95,0.3,False,3.0,,,,,,,,1,spot,100.0,450.0,0.015,0.015,False,1,-0.001339151551098217,-0.0003161556294968282,-0.0003161556294968282,-0.0003161556294968282,0.0,-0.0003161556294968282,0.0,0.0,0,0.12184820905138526,0.24705633167569152,0.49320010632771083,0.0,False
ewma,volatility,ewma,3.0,0.95,0.3,False,5.0,,,,,,,,1,spot,100.0,450.0,0.015,0.015,False,1,-0.001339151551098217,-0.0003161556294968282,-0.0003161556294968282,-0.0003161556294968282,0.0,-0.0003161556294968282,0.0,0.0,0,0.12184820905138526,0.24705633167569152,0.49320010632771083,0.0,False
ewma,volatility,ewma,3.0,0.95,0.3,False,10.0,,,,,,,,1,spot,100.0,450.0,0.015,0.015,False,1,-0.001339151551098217,-0.0003161556294968282,-0.0003161556294968282,-0.0003161556294968282,0.0,-0.0003161556294968282,0.0,0.0,0,0.12184820905138526,0.24705633167569152,0.49320010632771083,0.0,False
ewma,volatility,ewma,3.0,0.95,0.3,False,15.0,,,,,,,,1,spot,100.0,450.0,0.015,0.015,False,1,-0.001339151551098217,-0.0003161556294968282,-0.0003161556294968282,-0.0003161556294968282,0.0,-0.0003161556294968282,0.0,0.0,0,0.12184820905138526,0.24705633167569152,0.49320010632771083,0.0,False
ewma,volatility,ewma,3.0,0.975,0.3,True,3.0,,,,,,,,1,spot,100.0,450.0,0.015,0.015,False,1,-0.001339151551098217,-0.0003161556294968282,-0.0003161556294968282,-0.0003161556294968282,0.0,-0.0003161556294968282,0.0,0.0,0,0.12184820905138526,0.24705633167569152,0.49320010632771083,0.0,False
ewma,volatility,ewma,3.0,0.975,0.3,True,5.0,,,,,,,,1,spot,100.0,450.0,0.015,0.015,False,1,-0.001339151551098217,-0.0003161556294968282,-0.0003161556294968282,-0.0003161556294968282,0.0,-0.0003161556294968282,0.0,0.0,0,0.12184820905138526,0.24705633167569152,0.49320010632771083,0.0,False
ewma,volatility,ewma,3.0,0.975,0.3,False,3.0,,,,,,,,1,spot,100.0,450.0,0.015,0.015,False,1,-0.001339151551098217,-0.0003161556294968282,-0.0003161556294968282,-0.0003161556294968282,0.0,-0.0003161556294968282,0.0,0.0,0,0.12184820905138526,0.24705633167569152,0.49320010632771083,0.0,False
ewma,volatility,ewma,3.0,0.975,0.3,False,5.0,,,,,,,,1,spot,100.0,450.0,0.015,0.015,False,1,-0.001339151551098217,-0.0003161556294968282,-0.0003161556294968282,-0.0003161556294968282,0.0,-0.0003161556294968282,0.0,0.0,0,0.12184820905138526,0.24705633167569152,0.49320010632771083,0.0,False
ewma,volatility,ewma,3.0,0.975,0.3,False,10.0,,,,,,,,1,spot,100.0,450.0,0.015,0.015,False,1,-0.001339151551098217,-0.0003161556294968282,-0.0003161556294968282,-0.0003161556294968282,0.0,-0.0003161556294968282,0.0,0.0,0,0.12184820905138526,0.24705633167569152,0.49320010632771083,0.0,False
ewma,volatility,ewma,3.0,0.975,0.3,False,15.0,,,,,,,,1,spot,100.0,450.0,0.015,0.015,False,1,-0.001339151551098217,-0.0003161556294968282,-0.0003161556294968282,-0.0003161556294968282,0.0,-0.0003161556294968282,0.0,0.0,0,0.12184820905138526,0.24705633167569152,0.49320010632771083,0.0,False
ewma,volatility,ewma,3.0,0.99,0.3,True,3.0,,,,,,,,1,spot,100.0,450.0,0.015,0.015,False,1,-0.001339151551098217,-0.0003161556294968282,-0.0003161556294968282,-0.0003161556294968282,0.0,-0.0003161556294968282,0.0,0.0,0,0.12184820905138526,0.24705633167569152,0.49320010632771083,0.0,False
ewma,volatility,ewma,3.0,0.99,0.3,True,5.0,,,,,,,,1,spot,100.0,450.0,0.015,0.015,False,1,-0.001339151551098217,-0.0003161556294968282,-0.0003161556294968282,-0.0003161556294968282,0.0,-0.0003161556294968282,0.0,0.0,0,0.12184820905138526,0.24705633167569152,0.49320010632771083,0.0,False
ewma,volatility,ewma,3.0,0.99,0.3,False,10.0,,,,,,,,1,spot,100.0,450.0,0.015,0.015,False,1,-0.001339151551098217,-0.0003161556294968282,-0.0003161556294968282,-0.0003161556294968282,0.0,-0.0003161556294968282,0.0,0.0,0,0.12184820905138526,0.24705633167569152,0.49320010632771083,0.0,False
ewma,volatility,ewma,3.0,0.99,0.3,False,15.0,,,,,,,,1,spot,100.0,450.0,0.015,0.015,False,1,-0.001339151551098217,-0.0003161556294968282,-0.0003161556294968282,-0.0003161556294968282,0.0,-0.0003161556294968282,0.0,0.0,0,0.12184820905138526,0.24705633167569152,0.49320010632771083,0.0,False
ewma,volatility,ewma,2.25,0.975,0.3,False,10.0,,,,,,,,1,spot,100.0,450.0,0.015,0.015,False,2,-0.0013539938426829524,-0.00021538094550471731,-0.00021538094550471731,-0.0005138801393388404,0.0,-0.0005138801393388404,0.5,0.0,0,0.15270537734697287,0.27560448904559137,0.5540743471769499,0.0,False
ewma,volatility,ewma,2.25,0.975,0.3,False,15.0,,,,,,,,1,spot,100.0,450.0,0.015,0.015,False,2,-0.0013539938426829524,-0.00021538094550471731,-0.00021538094550471731,-0.0005138801393388404,0.0,-0.0005138801393388404,0.5,0.0,0,0.15270537734697287,0.27560448904559137,0.5540743471769499,0.0,False
ewma,volatility,ewma,3.0,0.99,0.3,False,3.0,,,,,,,,1,spot,100.0,450.0,0.015,0.015,False,2,-0.0018871964716130627,-0.0005110155086621715,-0.0005110155086621715,-0.0007058753878275148,0.0,-0.0007058753878275148,0.0,0.0,0,0.13960824892735255,0.27182449920661345,0.5135970059168085,0.0,False
ewma,volatility,ewma,3.0,0.99,0.3,False,5.0,,,,,,,,1,spot,100.0,450.0,0.015,0.015,False,2,-0.0018871964716130627,-0.0005110155086621715,-0.0005110155086621715,-0.0007058753878275148,0.0,-0.0007058753878275148,0.0,0.0,0,0.13960824892735255,0.27182449920661345,0.5135970059168085,0.0,False
ewma,volatility,ewma,2.0,0.95,0.3,False,3.0,,,,,,,,1,spot,100.0,450.0,0.015,0.015,False,1,-0.0019493354055534786,-0.0005138801393388404,-0.0005138801393388404,-0.0005138801393388404,0.0,-0.0005138801393388404,0.0,1.0,1,0.11312350874368461,0.28430720077784283,0.39789181714071015,0.0,False
ewma,volatility,ewma,2.0,0.95,0.3,False,5.0,,,,,,,,1,spot,100.0,450.0,0.015,0.015,False,1,-0.0019493354055534786,-0.0005138801393388404,-0.0005138801393388404,-0.0005138801393388404,0.0,-0.0005138801393388404,0.0,0.0,0,0.11312350874368461,0.28430720077784283,0.39789181714071015,0.0,False
ewma,volatility,ewma,2.25,0.975,0.3,False,3.0,,,,,,,,1,spot,100.0,450.0,0.015,0.015,False,1,-0.0019493354055534786,-0.0005138801393388404,-0.0005138801393388404,-0.0005138801393388404,0.0,-0.0005138801393388404,0.0,0.0,0,0.11312350874368461,0.28430720077784283,0.39789181714071015,0.0,False
ewma,volatility,ewma,2.25,0.975,0.3,False,5.0,,,,,,,,1,spot,100.0,450.0,0.015,0.015,False,1,-0.0019493354055534786,-0.0005138801393388404,-0.0005138801393388404,-0.0005138801393388404,0.0,-0.0005138801393388404,0.0,0.0,0,0.11312350874368461,0.28430720077784283,0.39789181714071015,0.0,False
ewma,volatility,ewma,2.25,0.999,0.3,False,3.0,,,,,,,,1,spot,100.0,450.0,0.015,0.015,False,1,-0.002045521633797222,-0.0007058753878275148,-0.0007058753878275148,-0.0007058753878275148,0.0,-0.0007058753878275148,0.0,1.0,1,0.15736828880331985,0.2965926667375354,0.5305872546828011,0.0,False
ewma,volatility,ewma,2.25,0.999,0.3,False,5.0,,,,,,,,1,spot,100.0,450.0,0.015,0.015,False,1,-0.002045521633797222,-0.0007058753878275148,-0.0007058753878275148,-0.0007058753878275148,0.0,-0.0007058753878275148,0.0,0.0,0,0.15736828880331985,0.2965926667375354,0.5305872546828011,0.0,False
ewma,volatility,ewma,2.5,0.99,0.4,False,3.0,,,,,,,,1,spot,100.0,450.0,0.015,0.015,False,1,-0.002045521633797222,-0.0007058753878275148,-0.0007058753878275148,-0.0007058753878275148,0.0,-0.0007058753878275148,0.0,0.0,0,0.15736828880331985,0.2965926667375354,0.5305872546828011,0.0,False
ewma,volatility,ewma,2.5,0.99,0.4,False,5.0,,,,,,,,1,spot,100.0,450.0,0.015,0.015,False,1,-0.002045521633797222,-0.0007058753878275148,-0.0007058753878275148,-0.0007058753878275148,0.0,-0.0007058753878275148,0.0,0.0,0,0.15736828880331985,0.2965926667375354,0.5305872546828011,0.0,False
ewma,volatility,ewma,2.5,0.999,0.4,False,3.0,,,,,,,,1,spot,100.0,450.0,0.015,0.015,False,1,-0.002045521633797222,-0.0007058753878275148,-0.0007058753878275148,-0.0007058753878275148,0.0,-0.0007058753878275148,0.0,0.0,0,0.15736828880331985,0.2965926667375354,0.5305872546828011,0.0,False
ewma,volatility,ewma,2.5,0.999,0.4,False,5.0,,,,,,,,1,spot,100.0,450.0,0.015,0.015,False,1,-0.002045521633797222,-0.0007058753878275148,-0.0007058753878275148,-0.0007058753878275148,0.0,-0.0007058753878275148,0.0,0.0,0,0.15736828880331985,0.2965926667375354,0.5305872546828011,0.0,False
ewma,volatility,ewma,2.75,0.99,0.4,False,3.0,,,,,,,,1,spot,100.0,450.0,0.015,0.015,False,1,-0.002045521633797222,-0.0007058753878275148,-0.0007058753878275148,-0.0007058753878275148,0.0,-0.0007058753878275148,0.0,0.0,0,0.15736828880331985,0.2965926667375354,0.5305872546828011,0.0,False
ewma,volatility,ewma,2.75,0.99,0.4,False,5.0,,,,,,,,1,spot,100.0,450.0,0.015,0.015,False,1,-0.002045521633797222,-0.0007058753878275148,-0.0007058753878275148,-0.0007058753878275148,0.0,-0.0007058753878275148,0.0,0.0,0,0.15736828880331985,0.2965926667375354,0.5305872546828011,0.0,False
ewma,volatility,ewma,3.0,0.99,0.4,False,3.0,,,,,,,,1,spot,100.0,450.0,0.015,0.015,False,1,-0.002045521633797222,-0.0007058753878275148,-0.0007058753878275148,-0.0007058753878275148,0.0,-0.0007058753878275148,0.0,0.0,0,0.15736828880331985,0.2965926667375354,0.5305872546828011,0.0,False
ewma,volatility,ewma,3.0,0.99,0.4,False,5.0,,,,,,,,1,spot,100.0,450.0,0.015,0.015,False,1,-0.002045521633797222,-0.0007058753878275148,-0.0007058753878275148,-0.0007058753878275148,0.0,-0.0007058753878275148,0.0,0.0,0,0.15736828880331985,0.2965926667375354,0.5305872546828011,0.0,False
ewma,volatility,ewma,3.0,0.99,0.5,False,3.0,,,,,,,,1,spot,100.0,450.0,0.015,0.015,False,1,-0.002045521633797222,-0.0007058753878275148,-0.0007058753878275148,-0.0007058753878275148,0.0,-0.0007058753878275148,0.0,0.0,0,0.15736828880331985,0.2965926667375354,0.5305872546828011,0.0,False
ewma,volatility,ewma,3.0,0.99,0.5,False,5.0,,,,,,,,1,spot,100.0,450.0,0.015,0.015,False,1,-0.002045521633797222,-0.0007058753878275148,-0.0007058753878275148,-0.0007058753878275148,0.0,-0.0007058753878275148,0.0,0.0,0,0.15736828880331985,0.2965926667375354,0.5305872546828011,0.0,False
ewma,volatility,ewma,3.0,0.999,0.5,False,3.0,,,,,,,,1,spot,100.0,450.0,0.015,0.015,False,1,-0.002045521633797222,-0.0007058753878275148,-0.0007058753878275148,-0.0007058753878275148,0.0,-0.0007058753878275148,0.0,0.0,0,0.15736828880331985,0.2965926667375354,0.5305872546828011,0.0,False
ewma,volatility,ewma,3.0,0.999,0.5,False,5.0,,,,,,,,1,spot,100.0,450.0,0.015,0.015,False,1,-0.002045521633797222,-0.0007058753878275148,-0.0007058753878275148,-0.0007058753878275148,0.0,-0.0007058753878275148,0.0,0.0,0,0.15736828880331985,0.2965926667375354,0.5305872546828011,0.0,False
ewma,volatility,ewma,3.0,0.99,0.8,True,3.0,,,,,,,,1,spot,100.0,450.0,0.015,0.015,False,1,-0.002045521633797222,-0.0007058753878275148,-0.0007058753878275148,-0.0007058753878275148,0.0,-0.0007058753878275148,0.0,0.0,0,0.15736828880331985,0.2965926667375354,0.5305872546828011,0.0,False
ewma,volatility,ewma,2.25,0.999,0.3,True,3.0,,,,,,,,1,spot,100.0,450.0,0.015,0.015,False,1,-0.002045521633797222,-0.0007058753878275148,-0.0007058753878275148,-0.0007058753878275148,0.0,-0.0007058753878275148,0.0,0.0,0,0.15736828880331985,0.2965926667375354,0.5305872546828011,0.0,False
ewma,volatility,ewma,2.5,0.99,0.4,True,3.0,,,,,,,,1,spot,100.0,450.0,0.015,0.015,False,1,-0.002045521633797222,-0.0007058753878275148,-0.0007058753878275148,-0.0007058753878275148,0.0,-0.0007058753878275148,0.0,0.0,0,0.15736828880331985,0.2965926667375354,0.5305872546828011,0.0,False
ewma,volatility,ewma,2.5,0.999,0.4,True,3.0,,,,,,,,1,spot,100.0,450.0,0.015,0.015,False,1,-0.002045521633797222,-0.0007058753878275148,-0.0007058753878275148,-0.0007058753878275148,0.0,-0.0007058753878275148,0.0,0.0,0,0.15736828880331985,0.2965926667375354,0.5305872546828011,0.0,False
ewma,volatility,ewma,1.75,0.95,0.4,False,15.0,,,,,,,,1,spot,100.0,450.0,0.015,0.015,False,2,-0.0023553131888110652,-7.761605896045021e-05,-7.761605896045021e-05,-0.0002485332902498749,0.000732776136700992,-0.0002485332902498749,0.5,0.0,0,0.24699907179732156,0.7200292040528646,0.343040352262138,13.0,False
ewma,volatility,ewma,1.25,0.95,0.3,False,3.0,,,,,,,,1,spot,100.0,450.0,0.015,0.015,False,1,-0.00236292649272527,-0.0007074237079168766,-0.0007074237079168766,-0.0007074237079168766,0.0,-0.0007074237079168766,0.0,0.0,0,0.15075142784903459,0.3890513671343745,0.3874846372072162,0.0,False
ewma,volatility,ewma,1.25,0.95,0.3,False,5.0,,,,,,,,1,spot,100.0,450.0,0.015,0.015,False,1,-0.00236292649272527,-0.0007074237079168766,-0.0007074237079168766,-0.0007074237079168766,0.0,-0.0007074237079168766,0.0,0.0,0,0.15075142784903459,0.3890513671343745,0.3874846372072162,0.0,False
ewma,volatility,ewma,1.5,0.95,0.4,False,3.0,,,,,,,,1,spot,100.0,450.0,0.015,0.015,False,1,-0.00236292649272527,-0.0007074237079168766,-0.0007074237079168766,-0.0007074237079168766,0.0,-0.0007074237079168766,0.0,0.0,0,0.15075142784903459,0.3890513671343745,0.3874846372072162,0.0,False
ewma,volatility,ewma,1.5,0.95,0.4,False,5.0,,,,,,,,1,spot,100.0,450.0,0.015,0.015,False,1,-0.00236292649272527,-0.0007074237079168766,-0.0007074237079168766,-0.0007074237079168766,0.0,-0.0007074237079168766,0.0,0.0,0,0.15075142784903459,0.3890513671343745,0.3874846372072162,0.0,False
ewma,volatility,ewma,1.25,0.95,0.4,False,3.0,,,,,,,,1,spot,100.0,450.0,0.015,0.015,False,1,-0.00236292649272527,-0.0007074237079168766,-0.0007074237079168766,-0.0007074237079168766,0.0,-0.0007074237079168766,0.0,0.0,0,0.15075142784903459,0.3890513671343745,0.3874846372072162,0.0,False
ewma,volatility,ewma,1.25,0.95,0.4,False,5.0,,,,,,,,1,spot,100.0,450.0,0.015,0.015,False,1,-0.00236292649272527,-0.0007074237079168766,-0.0007074237079168766,-0.0007074237079168766,0.0,-0.0007074237079168766,0.0,0.0,0,0.15075142784903459,0.3890513671343745,0.3874846372072162,0.0,False
ewma,volatility,ewma,1.25,0.95,0.4,False,10.0,,,,,,,,1,spot,100.0,450.0,0.015,0.015,False,1,-0.00236292649272527,-0.0007074237079168766,-0.0007074237079168766,-0.0007074237079168766,0.0,-0.0007074237079168766,0.0,0.0,0,0.15075142784903459,0.3890513671343745,0.3874846372072162,0.0,False
ewma,volatility,ewma,1.25,0.95,0.3,False,15.0,,,,,,,,1,spot,100.0,450.0,0.015,0.015,False,4,-0.002396148255431028,-6.572250936690005e-05,-6.0949359459328e-05,-0.0007074237079168766,0.0007327517234280444,-0.0007074237079168766,0.5,0.0,0,0.2520419199680061,0.5241027184007899,0.48090176051188793,6.5,False
ewma,volatility,ewma,2.0,0.95,0.4,False,15.0,,,,,,,,1,spot,100.0,450.0,0.015,0.015,False,2,-0.002419092925648078,-9.428272498568369e-05,-9.428272498568369e-05,-0.0002818666223003419,0.000732800549846107,-0.0002818666223003419,0.5,0.0,0,0.24699907179732156,0.7350292041828717,0.33603980684265355,13.5,False
ewma,volatility,ewma,1.75,0.95,0.3,False,15.0,,,,,,,,1,spot,100.0,450.0,0.015,0.015,False,2,-0.002419092925653739,-9.428272498662738e-05,-9.428272498662738e-05,-0.00028186662230222925,0.0007328005498479936,-0.00028186662230222925,0.5,0.0,0,0.24699907179732156,0.7350292041828717,0.33603980684265355,13.5,False
ewma,volatility,ewma,2.25,0.95,0.3,False,15.0,,,,,,,,1,spot,100.0,450.0,0.015,0.015,False,2,-0.0025397332341248234,-0.00013270752252031448,-0.00013270752252031448,-0.0003485332933700347,0.000732849386936511,-0.0003485332933700347,0.5,0.0,0,0.21502072595473923,0.716712896348754,0.3000095673597447,14.5,False
ewma,volatility,ewma,2.25,0.95,0.3,False,10.0,,,,,,,,1,spot,100.0,450.0,0.015,0.015,False,2,-0.002652410161461612,-0.00014937418918525847,-0.00014937418918525847,-0.00038186662669992266,0.0007661699052634929,-0.00038186662669992266,0.5,0.5,1,0.21502072595473923,0.731712896348754,0.2938594181238191,15.0,False
ewma,volatility,ewma,2.0,0.95,0.4,False,10.0,,,,,,,,1,spot,100.0,450.0,0.015,0.015,False,2,-0.0026582455228973817,-0.00014428272718386426,-0.00014428272718386426,-0.000381866626696703,0.0007661699052604963,-0.000381866626696703,0.5,0.0,0,0.24699907179732156,0.7800292040336703,0.31665362081322757,15.0,False
ewma,volatility,ewma,1.75,0.95,0.4,False,10.0,,,,,,,,1,spot,100.0,450.0,0.015,0.015,False,2,-0.002658245522897976,-0.00014428272718391977,-0.00014428272718391977,-0.00038186662669681404,0.0007661699052608291,-0.00038186662669681404,0.5,0.0,0,0.24699907179732156,0.780029204033585,0.3166536208132622,15.0,False
ewma,volatility,ewma,1.75,0.95,0.3,False,10.0,,,,,,,,1,spot,100.0,450.0,0.015,0.015,False,2,-0.002658245522906896,-0.00014428272718547408,-0.00014428272718547408,-0.00038186662669992266,0.0007661699052636037,-0.00038186662669992266,0.5,0.0,0,0.24699907179732156,0.7800292040336987,0.316653620813216,15.0,False
ewma,volatility,ewma,1.5,0.95,0.3,False,10.0,,,,,,,,1,spot,100.0,450.0,0.015,0.015,False,2,-0.0026582455229086093,-0.00014428272718591817,-0.00014428272718591817,-0.00038186662670081084,0.0007661699052638262,-0.00038186662670081084,0.5,0.0,0,0.24699907179732156,0.7800292040337555,0.316653620813193,15.0,False
ewma,volatility,ewma,2.0,0.95,0.3,False,15.0,,,,,,,,1,spot,100.0,450.0,0.015,0.015,False,3,-0.002682160373025825,-0.0002452596413369257,-0.0003151999570009112,-0.0005138801393388404,0.0007328249674723464,-0.0005138801393388404,0.3333333333333333,0.0,0,0.2023738841127759,0.5947885363046063,0.3402450984851112,9.333333333333334,False
ewma,volatility,ewma,2.0,0.95,0.3,False,10.0,,,,,,,,1,spot,100.0,450.0,0.015,0.015,False,3,-0.0027155053108169716,-0.0002674818645699295,-0.00038186662669992266,-0.0005138801393388404,0.0007661699052634929,-0.0005138801393388404,0.3333333333333333,0.0,0,0.2023738841127759,0.6147885362817467,0.32917641135070147,10.0,False
ewma,volatility,ewma,0.75,0.99,0.7,False,5.0,,,,,,,,1,spot,100.0,450.0,0.015,0.015,False,2,-0.0029707652574833777,0.0005027896872188409,0.0005027896872188409,-0.002054145768089599,0.0014514932858978665,-0.002054145768089599,0.5,0.0,0,0.9852475709208892,0.33118731946184465,2.974895211935786,2.0,True
ewma,volatility,ewma,1.5,0.95,0.4,False,15.0,,,,,,,,1,spot,100.0,450.0,0.015,0.015,False,3,-0.003095678216150429,-0.0002764408089441413,-0.00021519989124452188,-0.0007074237079168766,0.0007327517234251589,-0.0007074237079168766,0.3333333333333333,0.0,0,0.21491652381455925,0.5997032584133489,0.35837144587669856,8.333333333333334,False
ewma,volatility,ewma,1.5,0.95,0.4,False,10.0,,,,,,,,1,spot,100.0,450.0,0.015,0.015,False,3,-0.0031290963979860994,-0.0003319963874282387,-0.00038186662669681404,-0.0007074237079168766,0.0007661699052608291,-0.0007074237079168766,0.3333333333333333,0.0,0,0.21491652381455925,0.6497032584005148,0.33079182078239205,10.0,False
ewma,volatility,ewma,1.25,0.95,0.3,False,10.0,,,,,,,,1,spot,100.0,450.0,0.015,0.015,False,3,-0.0031290963979877648,-0.0003319963874290899,-0.00038186662669936755,-0.0007074237079168766,0.0007661699052624944,-0.0007074237079168766,0.3333333333333333,0.0,0,0.21491652381455925,0.6497032584006095,0.33079182078234387,10.0,False
ewma,volatility,ewma,1.75,0.95,0.5,False,15.0,,,,,,,,1,spot,100.0,450.0,0.015,0.015,False,1,-0.003215511188617173,-0.00018186653669882702,-0.00018186653669882702,-0.00018186653669882702,0.0006994356243316643,-0.00018186653669882702,0.0,1.0,1,0.23775420595921734,1.0165240155404078,0.23388941365327376,24.0,False
ewma,volatility,ewma,2.75,0.99,0.6,False,15.0,,,,,,,,1,spot,100.0,450.0,0.015,0.015,False,1,-0.0032711231565785833,-0.0013051397083906346,-0.0013051397083906346,-0.0013051397083906346,0.0006145864053422849,-0.0013051397083906346,0.0,1.0,1,0.754637434663714,0.42748035924346295,1.7653148696684922,3.0,False
ewma,volatility,ewma,2.25,0.99,0.6,False,15.0,,,,,,,,1,spot,100.0,450.0,0.015,0.015,False,1,-0.0032711231565811147,-0.0013051397083910787,-0.0013051397083910787,-0.0013051397083910787,0.0006145864053428404,-0.0013051397083910787,0.0,0.0,0,0.7546374346637138,0.4274803592436903,1.7653148696675527,3.0,False
ewma,volatility,ewma,0.5,0.975,0.8,False,5.0,,,,,,,,1,spot,100.0,450.0,0.015,0.015,False,2,-0.003732145563946605,-0.00020982772428634888,-0.00020982772428634888,-0.002054145768089599,0.0014514932858978665,-0.002054145768089599,0.5,0.0,0,0.9074476410031331,0.33118731946184465,2.7399830478946767,2.0,False
ewma,volatility,ewma,1.75,0.95,0.5,False,10.0,,,,,,,,1,spot,100.0,450.0,0.015,0.015,False,1,-0.0037533115627017256,-0.00034853327214856566,-0.00034853327214856566,-0.00034853327214856566,0.0007328493657236442,-0.00034853327214856566,0.0,0.0,0,0.23775420595921734,1.1665240155018486,0.20381424025542538,29.0,False
ewma,volatility,ewma,1.0,0.95,0.6,True,3.0,,,,,,,,1,spot,100.0,450.0,0.015,0.015,False,1,-0.003898845299366951,-0.0011169496266904,-0.0011169496266904,-0.0011169496266904,0.000448975864981659,-0.0011169496266904,0.0,1.0,1,0.19418397341245053,0.4181333255347603,0.4644068328304236,0.0,False
ewma,volatility,ewma,0.75,0.95,0.7,True,3.0,,,,,,,,1,spot,100.0,450.0,0.015,0.015,False,1,-0.003898845299366951,-0.0011169496266904,-0.0011169496266904,-0.0011169496266904,0.000448975864981659,-0.0011169496266904,0.0,0.0,0,0.19418397341245053,0.4181333255347603,0.4644068328304236,0.0,False
ewma,volatility,ewma,1.25,0.95,0.7,True,3.0,,,,,,,,1,spot,100.0,450.0,0.015,0.015,False,1,-0.003898845299366951,-0.0011169496266904,-0.0011169496266904,-0.0011169496266904,0.000448975864981659,-0.0011169496266904,0.0,0.0,0,0.19418397341245053,0.4181333255347603,0.4644068328304236,0.0,False
ewma,volatility,ewma,1.5,0.95,0.7,True,3.0,,,,,,,,1,spot,100.0,450.0,0.015,0.015,False,1,-0.003898845299366951,-0.0011169496266904,-0.0011169496266904,-0.0011169496266904,0.000448975864981659,-0.0011169496266904,0.0,0.0,0,0.19418397341245053,0.4181333255347603,0.4644068328304236,0.0,False
ewma,volatility,ewma,0.75,0.95,0.7,False,3.0,,,,,,,,1,spot,100.0,450.0,0.015,0.015,False,1,-0.003898845299366951,-0.0011169496266904,-0.0011169496266904,-0.0011169496266904,0.000448975864981659,-0.0011169496266904,0.0,0.0,0,0.19418397341245053,0.4181333255347603,0.4644068328304236,0.0,False
ewma,volatility,ewma,1.25,0.95,0.6,True,3.0,,,,,,,,1,spot,100.0,450.0,0.015,0.015,False,1,-0.003898845299366951,-0.0011169496266904,-0.0011169496266904,-0.0011169496266904,0.000448975864981659,-0.0011169496266904,0.0,0.0,0,0.19418397341245053,0.4181333255347603,0.4644068328304236,0.0,False
ewma,volatility,ewma,1.25,0.95,0.7,True,1.0,,,,,,,,1,spot,100.0,450.0,0.015,0.015,False,1,-0.003898845299366951,-0.0011169496266904,-0.0011169496266904,-0.0011169496266904,0.000448975864981659,-0.0011169496266904,0.0,0.0,0,0.19418397341245053,0.4181333255347603,0.4644068328304236,0.0,False
ewma,volatility,ewma,1.0,0.95,0.6,False,3.0,,,,,,,,1,spot,100.0,450.0,0.015,0.015,False,1,-0.003898845299366951,-0.0011169496266904,-0.0011169496266904,-0.0011169496266904,0.000448975864981659,-0.0011169496266904,0.0,0.0,0,0.19418397341245053,0.4181333255347603,0.4644068328304236,0.0,False
ewma,volatility,ewma,2.75,0.95,0.8,True,1.0,,,,,,,,1,spot,100.0,450.0,0.015,0.015,False,1,-0.003898845299366951,-0.0011169496266904,-0.0011169496266904,-0.0011169496266904,0.000448975864981659,-0.0011169496266904,0.0,0.0,0,0.19418397341245053,0.4181333255347603,0.4644068328304236,0.0,False
ewma,volatility,ewma,1.25,0.95,0.7,False,3.0,,,,,,,,1,spot,100.0,450.0,0.015,0.015,False,1,-0.003898845299366951,-0.0011169496266904,-0.0011169496266904,-0.0011169496266904,0.000448975864981659,-0.0011169496266904,0.0,0.0,0,0.19418397341245053,0.4181333255347603,0.4644068328304236,0.0,False
ewma,volatility,ewma,1.25,0.95,0.7,False,1.0,,,,,,,,1,spot,100.0,450.0,0.015,0.015,False,1,-0.003898845299366951,-0.0011169496266904,-0.0011169496266904,-0.0011169496266904,0.000448975864981659,-0.0011169496266904,0.0,0.0,0,0.19418397341245053,0.4181333255347603,0.4644068328304236,0.0,False
ewma,volatility,ewma,1.5,0.95,0.7,False,3.0,,,,,,,,1,spot,100.0,450.0,0.015,0.015,False,1,-0.003898845299366951,-0.0011169496266904,-0.0011169496266904,-0.0011169496266904,0.000448975864981659,-0.0011169496266904,0.0,0.0,0,0.19418397341245053,0.4181333255347603,0.4644068328304236,0.0,False
ewma,volatility,ewma,2.75,0.95,0.8,False,1.0,,,,,,,,1,spot,100.0,450.0,0.015,0.015,False,1,-0.003898845299366951,-0.0011169496266904,-0.0011169496266904,-0.0011169496266904,0.000448975864981659,-0.0011169496266904,0.0,0.0,0,0.19418397341245053,0.4181333255347603,0.4644068328304236,0.0,False
ewma,volatility,ewma,1.0,0.95,0.7,True,3.0,,,,,,,,1,spot,100.0,450.0,0.015,0.015,False,1,-0.003898845299366951,-0.0011169496266904,-0.0011169496266904,-0.0011169496266904,0.000448975864981659,-0.0011169496266904,0.0,0.0,0,0.19418397341245053,0.4181333255347603,0.4644068328304236,0.0,False
ewma,volatility,ewma,1.25,0.95,0.6,False,3.0,,,,,,,,1,spot,100.0,450.0,0.015,0.015,False,1,-0.003898845299366951,-0.0011169496266904,-0.0011169496266904,-0.0011169496266904,0.000448975864981659,-0.0011169496266904,0.0,0.0,0,0.19418397341245053,0.4181333255347603,0.4644068328304236,0.0,False
ewma,volatility,ewma,2.75,0.95,0.8,False,3.0,,,,,,,,1,spot,100.0,450.0,0.015,0.015,False,1,-0.003898845299366951,-0.0011169496266904,-0.0011169496266904,-0.0011169496266904,0.000448975864981659,-0.0011169496266904,0.0,0.0,0,0.19418397341245053,0.4181333255347603,0.4644068328304236,0.0,False
ewma,volatility,ewma,0.75,0.95,0.8,True,3.0,,,,,,,,1,spot,100.0,450.0,0.015,0.015,False,1,-0.003898845299366951,-0.0011169496266904,-0.0011169496266904,-0.0011169496266904,0.000448975864981659,-0.0011169496266904,0.0,0.0,0,0.19418397341245053,0.4181333255347603,0.4644068328304236,0.0,False
ewma,volatility,ewma,1.25,0.95,0.8,True,3.0,,,,,,,,1,spot,100.0,450.0,0.015,0.015,False,1,-0.003898845299366951,-0.0011169496266904,-0.0011169496266904,-0.0011169496266904,0.000448975864981659,-0.0011169496266904,0.0,0.0,0,0.19418397341245053,0.4181333255347603,0.4644068328304236,0.0,False
ewma,volatility,ewma,1.0,0.95,0.8,True,3.0,,,,,,,,1,spot,100.0,450.0,0.015,0.015,False,1,-0.003898845299366951,-0.0011169496266904,-0.0011169496266904,-0.0011169496266904,0.000448975864981659,-0.0011169496266904,0.0,0.0,0,0.19418397341245053,0.4181333255347603,0.4644068328304236,0.0,False
ewma,volatility,ewma,1.0,0.95,0.7,False,3.0,,,,,,,,1,spot,100.0,450.0,0.015,0.015,False,1,-0.003898845299366951,-0.0011169496266904,-0.0011169496266904,-0.0011169496266904,0.000448975864981659,-0.0011169496266904,0.0,0.0,0,0.19418397341245053,0.4181333255347603,0.4644068328304236,0.0,False
ewma,volatility,ewma,2.0,0.975,0.3,False,10.0,,,,,,,,1,spot,100.0,450.0,0.015,0.015,False,1,-0.0039120116504900455,-0.0003818666267010329,-0.0003818666267010329,-0.0003818666267010329,0.0007661699052642702,-0.0003818666267010329,0.0,0.0,0,0.23775420595921734,1.196524015384225,0.1987040819091878,30.0,False
ewma,volatility,ewma,2.0,0.975,0.3,False,15.0,,,,,,,,1,spot,100.0,450.0,0.015,0.015,False,1,-0.0039120116504900455,-0.0003818666267010329,-0.0003818666267010329,-0.0003818666267010329,0.0007661699052642702,-0.0003818666267010329,0.0,0.0,0,0.23775420595921734,1.196524015384225,0.1987040819091878,30.0,False
ewma,volatility,ewma,2.0,0.99,0.8,False,15.0,,,,,,,,1,spot,100.0,450.0,0.015,0.015,False,1,-0.004637055790456424,-0.0015963869389362673,-0.0015963869389362673,-0.0015963869389362673,0.0009060350204600872,-0.0015963869389362673,0.0,0.0,0,0.617510746980402,0.42748035924346295,1.4445359503141781,3.0,False
ewma,volatility,ewma,2.5,0.99,0.7,False,15.0,,,,,,,,1,spot,100.0,450.0,0.015,0.015,False,1,-0.006145058400196666,-0.001969692929121747,-0.001969692929121747,-0.001969692929121747,0.0012489416060721943,-0.001969692929121747,0.0,0.0,0,0.5661233463387038,0.42267404832290556,1.3393851564461532,3.0,False
ewma,volatility,ewma,3.0,0.99,0.7,False,15.0,,,,,,,,1,spot,100.0,450.0,0.015,0.015,False,1,-0.006145058400196666,-0.001969692929121747,-0.001969692929121747,-0.001969692929121747,0.0012489416060721943,-0.001969692929121747,0.0,0.0,0,0.5661233463387038,0.42267404832290556,1.3393851564461532,3.0,False
ewma,volatility,ewma,2.75,0.99,0.7,False,15.0,,,,,,,,1,spot,100.0,450.0,0.015,0.015,False,1,-0.006145058400196666,-0.001969692929121747,-0.001969692929121747,-0.001969692929121747,0.0012489416060721943,-0.001969692929121747,0.0,0.0,0,0.5661233463387038,0.42267404832290556,1.3393851564461532,3.0,False
ewma,volatility,ewma,2.75,0.99,0.7,False,10.0,,,,,,,,1,spot,100.0,450.0,0.015,0.015,False,1,-0.006145058400196666,-0.001969692929121747,-0.001969692929121747,-0.001969692929121747,0.0012489416060721943,-0.001969692929121747,0.0,0.0,0,0.5661233463387038,0.42267404832290556,1.3393851564461532,3.0,False
ewma,volatility,ewma,3.0,0.99,0.7,False,10.0,,,,,,,,1,spot,100.0,450.0,0.015,0.015,False,1,-0.006145058400196666,-0.001969692929121747,-0.001969692929121747,-0.001969692929121747,0.0012489416060721943,-0.001969692929121747,0.0,0.0,0,0.5661233463387038,0.42267404832290556,1.3393851564461532,3.0,False
ewma,volatility,ewma,3.0,0.99,0.6,False,15.0,,,,,,,,1,spot,100.0,450.0,0.015,0.015,False,1,-0.006145058400196666,-0.001969692929121747,-0.001969692929121747,-0.001969692929121747,0.0012489416060721943,-0.001969692929121747,0.0,0.0,0,0.5661233463387038,0.42267404832290556,1.3393851564461532,3.0,False
ewma,volatility,ewma,2.5,0.99,0.7,False,10.0,,,,,,,,1,spot,100.0,450.0,0.015,0.015,False,1,-0.006145058400196666,-0.001969692929121747,-0.001969692929121747,-0.001969692929121747,0.0012489416060721943,-0.001969692929121747,0.0,0.0,0,0.5661233463387038,0.42267404832290556,1.3393851564461532,3.0,False
ewma,volatility,ewma,3.0,0.99,0.8,False,15.0,,,,,,,,1,spot,100.0,450.0,0.015,0.015,False,1,-0.006145058400201027,-0.001969692929122635,-0.001969692929122635,-0.001969692929122635,0.0012489416060730832,-0.001969692929122635,0.0,0.0,0,0.5661233463387033,0.4226740483232466,1.3393851564450714,3.0,False
ewma,volatility,ewma,3.0,0.99,0.4,False,15.0,,,,,,,,1,spot,100.0,450.0,0.015,0.015,False,1,-0.006723236243553117,-0.002117551583428634,-0.002117551583428634,-0.002117551583428634,0.001427560027242274,-0.002117551583428634,0.0,0.0,0,0.6170162260267168,0.4274803592435198,1.4433791230048663,3.0,False
ewma,volatility,ewma,3.0,0.99,0.4,False,10.0,,,,,,,,1,spot,100.0,450.0,0.015,0.015,False,1,-0.006723236243553117,-0.002117551583428634,-0.002117551583428634,-0.002117551583428634,0.001427560027242274,-0.002117551583428634,0.0,0.0,0,0.6170162260267168,0.4274803592435198,1.4433791230048663,3.0,False
ewma,volatility,ewma,0.5,0.975,0.7,False,3.0,,,,,,,,1,spot,100.0,450.0,0.015,0.015,False,1,-0.007033195312561612,-0.002054145768089599,-0.002054145768089599,-0.002054145768089599,0.0014514932858978665,-0.002054145768089599,0.0,1.0,1,0.29595685270721306,0.3025150052595748,0.978321232208847,0.0,False
ewma,volatility,ewma,0.5,0.975,0.7,False,5.0,,,,,,,,1,spot,100.0,450.0,0.015,0.015,False,1,-0.007033195312561612,-0.002054145768089599,-0.002054145768089599,-0.002054145768089599,0.0014514932858978665,-0.002054145768089599,0.0,0.0,0,0.29595685270721306,0.3025150052595748,0.978321232208847,0.0,False
ewma,volatility,ewma,0.5,0.975,0.8,False,3.0,,,,,,,,1,spot,100.0,450.0,0.015,0.015,False,1,-0.007033195312561612,-0.002054145768089599,-0.002054145768089599,-0.002054145768089599,0.0014514932858978665,-0.002054145768089599,0.0,0.0,0,0.29595685270721306,0.3025150052595748,0.978321232208847,0.0,False
ewma,volatility,ewma,0.5,0.99,0.7,False,3.0,,,,,,,,1,spot,100.0,450.0,0.015,0.015,False,1,-0.007033195312561612,-0.002054145768089599,-0.002054145768089599,-0.002054145768089599,0.0014514932858978665,-0.002054145768089599,0.0,0.0,0,0.29595685270721306,0.3025150052595748,0.978321232208847,0.0,False
ewma,volatility,ewma,0.5,0.99,0.7,False,5.0,,,,,,,,1,spot,100.0,450.0,0.015,0.015,False,1,-0.007033195312561612,-0.002054145768089599,-0.002054145768089599,-0.002054145768089599,0.0014514932858978665,-0.002054145768089599,0.0,0.0,0,0.29595685270721306,0.3025150052595748,0.978321232208847,0.0,False
ewma,volatility,ewma,0.5,0.99,0.8,False,3.0,,,,,,,,1,spot,100.0,450.0,0.015,0.015,False,1,-0.007033195312561612,-0.002054145768089599,-0.002054145768089599,-0.002054145768089599,0.0014514932858978665,-0.002054145768089599,0.0,0.0,0,0.29595685270721306,0.3025150052595748,0.978321232208847,0.0,False
ewma,volatility,ewma,0.5,0.99,0.8,False,5.0,,,,,,,,1,spot,100.0,450.0,0.015,0.015,False,1,-0.007033195312561612,-0.002054145768089599,-0.002054145768089599,-0.002054145768089599,0.0014514932858978665,-0.002054145768089599,0.0,0.0,0,0.29595685270721306,0.3025150052595748,0.978321232208847,0.0,False
ewma,volatility,ewma,0.5,0.999,0.7,False,3.0,,,,,,,,1,spot,100.0,450.0,0.015,0.015,False,1,-0.007033195312561612,-0.002054145768089599,-0.002054145768089599,-0.002054145768089599,0.0014514932858978665,-0.002054145768089599,0.0,0.0,0,0.29595685270721306,0.3025150052595748,0.978321232208847,0.0,False
ewma,volatility,ewma,0.5,0.999,0.7,False,5.0,,,,,,,,1,spot,100.0,450.0,0.015,0.015,False,1,-0.007033195312561612,-0.002054145768089599,-0.002054145768089599,-0.002054145768089599,0.0014514932858978665,-0.002054145768089599,0.0,0.0,0,0.29595685270721306,0.3025150052595748,0.978321232208847,0.0,False
ewma,volatility,ewma,0.5,0.999,0.8,False,3.0,,,,,,,,1,spot,100.0,450.0,0.015,0.015,False,1,-0.007033195312561612,-0.002054145768089599,-0.002054145768089599,-0.002054145768089599,0.0014514932858978665,-0.002054145768089599,0.0,0.0,0,0.29595685270721306,0.3025150052595748,0.978321232208847,0.0,False
ewma,volatility,ewma,0.5,0.999,0.8,False,5.0,,,,,,,,1,spot,100.0,450.0,0.015,0.015,False,1,-0.007033195312561612,-0.002054145768089599,-0.002054145768089599,-0.002054145768089599,0.0014514932858978665,-0.002054145768089599,0.0,0.0,0,0.29595685270721306,0.3025150052595748,0.978321232208847,0.0,False
ewma,volatility,ewma,0.75,0.975,0.8,False,3.0,,,,,,,,1,spot,100.0,450.0,0.015,0.015,False,1,-0.007033195312561612,-0.002054145768089599,-0.002054145768089599,-0.002054145768089599,0.0014514932858978665,-0.002054145768089599,0.0,0.0,0,0.29595685270721306,0.3025150052595748,0.978321232208847,0.0,False
ewma,volatility,ewma,0.75,0.975,0.8,False,5.0,,,,,,,,1,spot,100.0,450.0,0.015,0.015,False,1,-0.007033195312561612,-0.002054145768089599,-0.002054145768089599,-0.002054145768089599,0.0014514932858978665,-0.002054145768089599,0.0,0.0,0,0.29595685270721306,0.3025150052595748,0.978321232208847,0.0,False
ewma,volatility,ewma,0.75,0.99,0.5,False,3.0,,,,,,,,1,spot,100.0,450.0,0.015,0.015,False,1,-0.007033195312561612,-0.002054145768089599,-0.002054145768089599,-0.002054145768089599,0.0014514932858978665,-0.002054145768089599,0.0,0.0,0,0.29595685270721306,0.3025150052595748,0.978321232208847,0.0,False
ewma,volatility,ewma,0.75,0.99,0.5,False,5.0,,,,,,,,1,spot,100.0,450.0,0.015,0.015,False,1,-0.007033195312561612,-0.002054145768089599,-0.002054145768089599,-0.002054145768089599,0.0014514932858978665,-0.002054145768089599,0.0,0.0,0,0.29595685270721306,0.3025150052595748,0.978321232208847,0.0,False
ewma,volatility,ewma,0.75,0.99,0.6,False,3.0,,,,,,,,1,spot,100.0,450.0,0.015,0.015,False,1,-0.007033195312561612,-0.002054145768089599,-0.002054145768089599,-0.002054145768089599,0.0014514932858978665,-0.002054145768089599,0.0,0.0,0,0.29595685270721306,0.3025150052595748,0.978321232208847,0.0,False
ewma,volatility,ewma,0.75,0.99,0.6,False,5.0,,,,,,,,1,spot,100.0,450.0,0.015,0.015,False,1,-0.007033195312561612,-0.002054145768089599,-0.002054145768089599,-0.002054145768089599,0.0014514932858978665,-0.002054145768089599,0.0,0.0,0,0.29595685270721306,0.3025150052595748,0.978321232208847,0.0,False
ewma,volatility,ewma,0.75,0.99,0.7,False,3.0,,,,,,,,1,spot,100.0,450.0,0.015,0.015,False,1,-0.007033195312561612,-0.002054145768089599,-0.002054145768089599,-0.002054145768089599,0.0014514932858978665,-0.002054145768089599,0.0,0.0,0,0.29595685270721306,0.3025150052595748,0.978321232208847,0.0,False
ewma,volatility,ewma,2.5,0.975,0.7,True,5.0,,,,,,,,1,spot,100.0,450.0,0.015,0.015,False,3,-0.008096873815657367,-0.001428565737415714,-0.00017410995585553923,-0.003974725289483394,0.0031445565045402687,-0.003974725289483394,0.0,0.3333333333333333,1,0.16589163560977335,0.4723072828129464,0.35123666656538394,2.3333333333333335,False
ewma,volatility,ewma,2.25,0.975,0.8,True,5.0,,,,,,,,1,spot,100.0,450.0,0.015,0.015,False,3,-0.008140438312821274,-0.0014358234623527884,-0.00017410995585553923,-0.003996498464294618,0.003166347826892951,-0.003996498464294618,0.0,0.0,0,0.1661124527019083,0.48209141503231456,0.3445662949438206,2.6666666666666665,False
ewma,volatility,ewma,2.75,0.99,0.8,False,15.0,,,,,,,,1,spot,100.0,450.0,0.015,0.015,False,2,-0.008142847873484113,-0.0010790038246586975,-0.0010790038246586975,-0.0029973820079972624,0.002277372855058212,-0.0029973820079972624,0.5,0.0,0,0.20008383051122186,0.3910850144429924,0.5116121127683547,2.0,False
ewma,volatility,ewma,2.5,0.99,0.8,False,5.0,,,,,,,,1,spot,100.0,450.0,0.015,0.015,False,2,-0.008142847873484113,-0.0010790038246586975,-0.0010790038246586975,-0.0029973820079972624,0.002277372855058212,-0.0029973820079972624,0.5,0.0,0,0.20008383051122186,0.3910850144429924,0.5116121127683547,2.0,False
ewma,volatility,ewma,2.0,0.975,0.6,True,5.0,,,,,,,,1,spot,100.0,450.0,0.015,0.015,False,2,-0.008203979809998877,-0.0015167225428919795,-0.0015167225428919795,-0.0028965831188757507,0.0022958386006924347,-0.0028965831188757507,0.0,0.0,0,0.2634337479762525,0.3661450679179321,0.7194791656603678,1.5,False
ewma,volatility,ewma,1.75,0.975,0.7,True,5.0,,,,,,,,1,spot,100.0,450.0,0.015,0.015,False,2,-0.008443660282512434,-0.0015501633993316166,-0.0015501633993316166,-0.002963464831755025,0.0023627606091134743,-0.002963464831755025,0.0,0.0,0,0.26342703612402113,0.38114506791798897,0.6911463857134386,2.0,False
ewma,volatility,ewma,1.5,0.95,0.7,True,5.0,,,,,,,,1,spot,100.0,450.0,0.015,0.015,False,1,-0.010201921440499754,-0.0028297068529562486,-0.0028297068529562486,-0.0028297068529562486,0.002228922042512905,-0.0028297068529562486,0.0,1.0,1,0.31264734999077043,0.3402700365671452,0.9188212783733486,2.0,False
ewma,volatility,ewma,1.75,0.975,0.8,True,5.0,,,,,,,,1,spot,100.0,450.0,0.015,0.015,False,2,-0.010236299239698748,-0.0018746356151964627,-0.0018746356151964627,-0.003612409263484717,0.0027819384947840448,-0.003612409263484717,0.0,0.0,0,0.2493018238200876,0.4474608655567703,0.5571477709226801,2.5,False
ewma,volatility,ewma,2.0,0.975,0.7,True,5.0,,,,,,,,1,spot,100.0,450.0,0.015,0.015,False,2,-0.010236299239699582,-0.0018746356151966292,-0.0018746356151966292,-0.00361240926348505,0.0027819384947842672,-0.00361240926348505,0.0,0.0,0,0.2493018238200876,0.4474608655567703,0.5571477709226801,2.5,False
ewma,volatility,ewma,2.25,0.975,0.6,True,5.0,,,,,,,,1,spot,100.0,450.0,0.015,0.015,False,2,-0.010236299239701468,-0.0018746356151969068,-0.0018746356151969068,-0.0036124092634856053,0.002781938494784934,-0.0036124092634856053,0.0,0.0,0,0.24930182382008753,0.4474608655567987,0.5571477709226446,2.5,False
ewma,volatility,ewma,1.5,0.975,0.8,True,5.0,,,,,,,,1,spot,100.0,450.0,0.015,0.015,False,2,-0.010245263955672506,-0.001762801795205493,-0.001762801795205493,-0.003388741623502778,0.0027882936257392363,-0.003388741623502778,0.0,0.0,0,0.1882658811667435,0.47815363970711977,0.3937351209583195,3.0,False
ewma,volatility,ewma,1.5,0.95,0.8,True,5.0,,,,,,,,1,spot,100.0,450.0,0.015,0.015,False,1,-0.010554043062158612,-0.0028965831188760838,-0.0028965831188760838,-0.0028965831188760838,0.0022958386006927682,-0.0028965831188760838,0.0,0.0,0,0.3126339273795564,0.3702700365672589,0.8443403367930017,3.0,False
ewma,volatility,ewma,2.5,0.975,0.8,True,5.0,,,,,,,,1,spot,100.0,450.0,0.015,0.015,False,2,-0.01075740048884553,-0.0018833506702309322,-0.0018833506702309322,-0.003592591384606325,0.0027621040980672436,-0.003592591384606325,0.0,0.0,0,0.14864874295064265,0.49133822260836635,0.3025385286768681,4.5,False
ewma,volatility,ewma,2.75,0.975,0.7,True,5.0,,,,,,,,1,spot,100.0,450.0,0.015,0.015,False,2,-0.010757400488848242,-0.0018833506702313763,-0.0018833506702313763,-0.0035925913846072133,0.0027621040980681326,-0.0035925913846072133,0.0,0.0,0,0.14864874295064262,0.4913382226083953,0.3025385286768502,4.5,False
ewma,volatility,ewma,1.75,0.95,0.7,True,5.0,,,,,,,,1,spot,100.0,450.0,0.015,0.015,False,1,-0.010899600285882377,-0.002963464831754692,-0.002963464831754692,-0.002963464831754692,0.002362760609113252,-0.002963464831754692,0.0,0.0,0,0.3126205036750937,0.4002700365671452,0.7810239965904909,4.0,False
ewma,volatility,ewma,2.5,0.99,0.8,False,15.0,,,,,,,,1,spot,100.0,450.0,0.015,0.015,False,1,-0.011653798582108977,-0.0029973820079972624,-0.0029973820079972624,-0.0029973820079972624,0.002277372855058212,-0.0029973820079972624,0.0,0.0,0,0.16395356735508965,0.49466072219001855,0.331446504645074,4.0,False
ewma,volatility,ewma,2.75,0.99,0.8,False,3.0,,,,,,,,1,spot,100.0,450.0,0.015,0.015,False,1,-0.011653798582108977,-0.0029973820079972624,-0.0029973820079972624,-0.0029973820079972624,0.002277372855058212,-0.0029973820079972624,0.0,0.0,0,0.16395356735508965,0.49466072219001855,0.331446504645074,4.0,False
ewma,volatility,ewma,2.75,0.99,0.8,False,5.0,,,,,,,,1,spot,100.0,450.0,0.015,0.015,False,1,-0.011653798582108977,-0.0029973820079972624,-0.0029973820079972624,-0.0029973820079972624,0.002277372855058212,-0.0029973820079972624,0.0,0.0,0,0.16395356735508965,0.49466072219001855,0.331446504645074,4.0,False
ewma,volatility,ewma,2.0,0.975,0.8,True,5.0,,,,,,,,1,spot,100.0,450.0,0.015,0.015,False,2,-0.011821132514555148,-0.0020537377291651726,-0.0020537377291651726,-0.003970613491422137,0.0031404412793707977,-0.003970613491422137,0.0,0.0,0,0.17419125739749358,0.5294303182336142,0.3290164000782265,3.0,False
ewma,volatility,ewma,2.25,0.975,0.7,True,5.0,,,,,,,,1,spot,100.0,450.0,0.015,0.015,False,2,-0.011821132514559645,-0.0020537377291659498,-0.0020537377291659498,-0.003970613491423691,0.003140441279372242,-0.003970613491423691,0.0,0.0,0,0.17419125739749353,0.5294303182336142,0.3290164000782264,3.0,False
ewma,volatility,ewma,2.5,0.975,0.6,True,5.0,,,,,,,,1,spot,100.0,450.0,0.015,0.015,False,2,-0.011821132514559686,-0.0020537377291659498,-0.0020537377291659498,-0.003970613491423691,0.003140441279372242,-0.003970613491423691,0.0,0.0,0,0.17419125739749353,0.5294303182336426,0.32901640007820876,3.0,False
ewma,volatility,ewma,2.25,0.99,0.8,False,10.0,,,,,,,,1,spot,100.0,450.0,0.015,0.015,False,1,-0.013139545785289416,-0.003295020412730554,-0.003295020412730554,-0.003295020412730554,0.0025752262064444075,-0.003295020412730554,0.0,0.0,0,0.1543156272946045,0.6251881096067525,0.24683071370578377,8.0,False
ewma,volatility,ewma,2.25,0.99,0.8,False,15.0,,,,,,,,1,spot,100.0,450.0,0.015,0.015,False,1,-0.013139545785289416,-0.003295020412730554,-0.003295020412730554,-0.003295020412730554,0.0025752262064444075,-0.003295020412730554,0.0,0.0,0,0.1543156272946045,0.6251881096067525,0.24683071370578377,8.0,False
ewma,volatility,ewma,1.75,0.95,0.8,True,5.0,,,,,,,,1,spot,100.0,450.0,0.015,0.015,False,1,-0.0134167558828598,-0.0036124092634856053,-0.0036124092634856053,-0.0036124092634856053,0.002781938494784934,-0.0036124092634856053,0.0,0.0,0,0.2843700790672264,0.5329016318448784,0.5336258365033555,5.0,False
ewma,volatility,ewma,2.0,0.95,0.7,True,5.0,,,,,,,,1,spot,100.0,450.0,0.015,0.015,False,1,-0.0134167558828598,-0.0036124092634856053,-0.0036124092634856053,-0.0036124092634856053,0.002781938494784934,-0.0036124092634856053,0.0,0.0,0,0.2843700790672264,0.5329016318448784,0.5336258365033555,5.0,False
ewma,volatility,ewma,2.5,0.99,0.8,True,5.0,,,,,,,,1,spot,100.0,450.0,0.015,0.015,False,1,-0.014413795366610558,-0.003621589617541665,-0.003621589617541665,-0.003621589617541665,0.0027911265004974877,-0.003621589617541665,0.0,0.0,0,0.13337604009985496,0.6529729070430635,0.20425968468406733,9.0,False
ewma,volatility,ewma,2.0,0.95,0.8,True,5.0,,,,,,,,1,spot,100.0,450.0,0.015,0.015,False,1,-0.01586971542005084,-0.003970613491423691,-0.003970613491423691,-0.003970613491423691,0.003140441279372242,-0.003970613491423691,0.0,0.0,0,0.13414894622203843,0.6968405371985662,0.19251025028099422,6.0,False
