strategy_mode,range_mode,center_mode,sd_multiplier,ewma_lambda,downside_skew,preemptive_rebalance,rebalance_threshold_pct,fixed_width_pct,fixed_tick_width,harvest_upward_range_fraction,profit_take_return,stop_loss_return,out_of_range_overshoot_fraction,min_exit_swap_volume_usd,exit_confirmation_swaps,exit_price_mode,exit_price_min_swap_volume_usd,initial_capital_usd,mint_gas_usd,remove_gas_usd,unwind_to_cash_on_exit,valid_window_count,robust_validation_score,mean_validation_net_return,median_validation_net_return,min_validation_net_return,worst_window_max_drawdown,worst_window_divergent_loss,positive_window_rate,validation_top_rank_rate,windows_won,mean_validation_total_fees,mean_validation_total_transaction_cost,mean_validation_rebalance_count,eligible
paper,fixed_pct_width,ewma,1.5,0.99,0.5,False,5.0,0.02,,0.04,0.01,-0.0025,0.0,,1,spot,100.0,1200.0,,,False,1,0.007498576702950457,0.004056123914549792,0.004056123914549792,0.004056123914549792,0.00030683556307456325,0.004056123914549792,1.0,1.0,1,3.591705534899111,1.1265830269710437,0.0,True
paper,fixed_pct_width,ewma,1.5,0.99,0.5,False,5.0,0.02,,0.04,0.01,-0.0025,0.02,,1,spot,100.0,1200.0,,,False,1,0.007498576702950457,0.004056123914549792,0.004056123914549792,0.004056123914549792,0.00030683556307456325,0.004056123914549792,1.0,0.0,0,3.591705534899111,1.1265830269710437,0.0,True
paper,fixed_pct_width,ewma,1.5,0.99,0.5,False,5.0,0.02,,0.06,0.01,-0.0025,0.0,,1,spot,100.0,1200.0,,,False,1,0.007498576702950457,0.004056123914549792,0.004056123914549792,0.004056123914549792,0.00030683556307456325,0.004056123914549792,1.0,0.0,0,3.591705534899111,1.1265830269710437,0.0,True
paper,fixed_pct_width,ewma,1.5,0.99,0.5,False,5.0,0.02,,0.06,0.01,-0.0025,0.02,,1,spot,100.0,1200.0,,,False,1,0.007498576702950457,0.004056123914549792,0.004056123914549792,0.004056123914549792,0.00030683556307456325,0.004056123914549792,1.0,0.0,0,3.591705534899111,1.1265830269710437,0.0,True
paper,fixed_pct_width,ewma,1.5,0.99,0.5,False,5.0,0.02,,0.08,0.01,-0.0025,0.0,,1,spot,100.0,1200.0,,,False,1,0.007498576702950457,0.004056123914549792,0.004056123914549792,0.004056123914549792,0.00030683556307456325,0.004056123914549792,1.0,0.0,0,3.591705534899111,1.1265830269710437,0.0,True
paper,fixed_pct_width,ewma,1.5,0.99,0.5,False,5.0,0.02,,0.08,0.01,-0.0025,0.02,,1,spot,100.0,1200.0,,,False,1,0.007498576702950457,0.004056123914549792,0.004056123914549792,0.004056123914549792,0.00030683556307456325,0.004056123914549792,1.0,0.0,0,3.591705534899111,1.1265830269710437,0.0,True
paper,fixed_pct_width,ewma,1.5,0.99,0.5,False,5.0,0.02,,0.1,0.01,-0.0025,0.0,,1,spot,100.0,1200.0,,,False,1,0.007498576702950457,0.004056123914549792,0.004056123914549792,0.004056123914549792,0.00030683556307456325,0.004056123914549792,1.0,0.0,0,3.591705534899111,1.1265830269710437,0.0,True
paper,fixed_pct_width,ewma,1.5,0.99,0.5,False,5.0,0.02,,0.1,0.01,-0.0025,0.02,,1,spot,100.0,1200.0,,,False,1,0.007498576702950457,0.004056123914549792,0.004056123914549792,0.004056123914549792,0.00030683556307456325,0.004056123914549792,1.0,0.0,0,3.591705534899111,1.1265830269710437,0.0,True
paper,fixed_pct_width,ewma,1.5,0.99,0.5,False,5.0,0.02,,0.12,0.01,-0.0025,0.0,,1,spot,100.0,1200.0,,,False,1,0.007498576702950457,0.004056123914549792,0.004056123914549792,0.004056123914549792,0.00030683556307456325,0.004056123914549792,1.0,0.0,0,3.591705534899111,1.1265830269710437,0.0,True
paper,fixed_pct_width,ewma,1.5,0.99,0.5,False,5.0,0.02,,0.12,0.01,-0.0025,0.02,,1,spot,100.0,1200.0,,,False,1,0.007498576702950457,0.004056123914549792,0.004056123914549792,0.004056123914549792,0.00030683556307456325,0.004056123914549792,1.0,0.0,0,3.591705534899111,1.1265830269710437,0.0,True
paper,fixed_pct_width,ewma,1.5,0.99,0.5,False,5.0,0.02,,0.04,0.01,-0.0025,0.05,,1,spot,100.0,1200.0,,,False,1,0.007498576702950457,0.004056123914549792,0.004056123914549792,0.004056123914549792,0.00030683556307456325,0.004056123914549792,1.0,0.0,0,3.591705534899111,1.1265830269710437,0.0,True
paper,fixed_pct_width,ewma,1.5,0.99,0.5,False,5.0,0.02,,0.04,0.01,-0.0025,0.1,,1,spot,100.0,1200.0,,,False,1,0.007498576702950457,0.004056123914549792,0.004056123914549792,0.004056123914549792,0.00030683556307456325,0.004056123914549792,1.0,0.0,0,3.591705534899111,1.1265830269710437,0.0,True
paper,fixed_pct_width,ewma,1.5,0.99,0.5,False,5.0,0.02,,0.06,0.01,-0.0025,0.05,,1,spot,100.0,1200.0,,,False,1,0.007498576702950457,0.004056123914549792,0.004056123914549792,0.004056123914549792,0.00030683556307456325,0.004056123914549792,1.0,0.0,0,3.591705534899111,1.1265830269710437,0.0,True
paper,fixed_pct_width,ewma,1.5,0.99,0.5,False,5.0,0.02,,0.06,0.01,-0.0025,0.1,,1,spot,100.0,1200.0,,,False,1,0.007498576702950457,0.004056123914549792,0.004056123914549792,0.004056123914549792,0.00030683556307456325,0.004056123914549792,1.0,0.0,0,3.591705534899111,1.1265830269710437,0.0,True
paper,fixed_pct_width,ewma,1.5,0.99,0.5,False,5.0,0.02,,0.08,0.01,-0.0025,0.05,,1,spot,100.0,1200.0,,,False,1,0.007498576702950457,0.004056123914549792,0.004056123914549792,0.004056123914549792,0.00030683556307456325,0.004056123914549792,1.0,0.0,0,3.591705534899111,1.1265830269710437,0.0,True
paper,fixed_pct_width,ewma,1.5,0.99,0.5,False,5.0,0.02,,0.08,0.01,-0.0025,0.1,,1,spot,100.0,1200.0,,,False,1,0.007498576702950457,0.004056123914549792,0.004056123914549792,0.004056123914549792,0.00030683556307456325,0.004056123914549792,1.0,0.0,0,3.591705534899111,1.1265830269710437,0.0,True
paper,fixed_pct_width,ewma,1.5,0.99,0.5,False,5.0,0.02,,0.1,0.01,-0.0025,0.05,,1,spot,100.0,1200.0,,,False,1,0.007498576702950457,0.004056123914549792,0.004056123914549792,0.004056123914549792,0.00030683556307456325,0.004056123914549792,1.0,0.0,0,3.591705534899111,1.1265830269710437,0.0,True
paper,fixed_pct_width,ewma,1.5,0.99,0.5,False,5.0,0.02,,0.1,0.01,-0.0025,0.1,,1,spot,100.0,1200.0,,,False,1,0.007498576702950457,0.004056123914549792,0.004056123914549792,0.004056123914549792,0.00030683556307456325,0.004056123914549792,1.0,0.0,0,3.591705534899111,1.1265830269710437,0.0,True
paper,fixed_pct_width,ewma,1.5,0.99,0.5,False,5.0,0.02,,0.12,0.01,-0.0025,0.05,,1,spot,100.0,1200.0,,,False,1,0.007498576702950457,0.004056123914549792,0.004056123914549792,0.004056123914549792,0.00030683556307456325,0.004056123914549792,1.0,0.0,0,3.591705534899111,1.1265830269710437,0.0,True
paper,fixed_pct_width,ewma,1.5,0.99,0.5,False,5.0,0.02,,0.12,0.01,-0.0025,0.1,,1,spot,100.0,1200.0,,,False,1,0.007498576702950457,0.004056123914549792,0.004056123914549792,0.004056123914549792,0.00030683556307456325,0.004056123914549792,1.0,0.0,0,3.591705534899111,1.1265830269710437,0.0,True
paper,fixed_pct_width,spot,1.5,0.99,0.5,False,5.0,0.01,,0.04,0.005,-0.0025,0.02,,1,spot,100.0,1200.0,,,False,1,0.005763309416526694,0.0028900268746159252,0.0028900268746159252,0.0028900268746159252,8.372166352578438e-06,0.0028900268746159252,1.0,1.0,1,3.6929849462716233,1.159875896480186,0.0,True
paper,fixed_pct_width,spot,1.5,0.99,0.5,False,5.0,0.01,,0.04,0.005,-0.0025,0.05,,1,spot,100.0,1200.0,,,False,1,0.005763309416526694,0.0028900268746159252,0.0028900268746159252,0.0028900268746159252,8.372166352578438e-06,0.0028900268746159252,1.0,0.0,0,3.6929849462716233,1.159875896480186,0.0,True
paper,fixed_pct_width,spot,1.5,0.99,0.5,False,5.0,0.01,,0.04,0.005,-0.0025,0.1,,1,spot,100.0,1200.0,,,False,1,0.005763309416526694,0.0028900268746159252,0.0028900268746159252,0.0028900268746159252,8.372166352578438e-06,0.0028900268746159252,1.0,0.0,0,3.6929849462716233,1.159875896480186,0.0,True
paper,fixed_pct_width,spot,1.5,0.99,0.5,False,5.0,0.01,,0.04,0.005,-0.005,0.1,,1,spot,100.0,1200.0,,,False,1,0.005763309416526694,0.0028900268746159252,0.0028900268746159252,0.0028900268746159252,8.372166352578438e-06,0.0028900268746159252,1.0,0.0,0,3.6929849462716233,1.159875896480186,0.0,True
paper,fixed_pct_width,spot,1.5,0.99,0.5,False,5.0,0.01,,0.04,0.005,-0.01,0.1,,1,spot,100.0,1200.0,,,False,1,0.005763309416526694,0.0028900268746159252,0.0028900268746159252,0.0028900268746159252,8.372166352578438e-06,0.0028900268746159252,1.0,0.0,0,3.6929849462716233,1.159875896480186,0.0,True
paper,fixed_pct_width,spot,1.5,0.99,0.5,False,5.0,0.01,,0.04,0.005,-0.02,0.1,,1,spot,100.0,1200.0,,,False,1,0.005763309416526694,0.0028900268746159252,0.0028900268746159252,0.0028900268746159252,8.372166352578438e-06,0.0028900268746159252,1.0,0.0,0,3.6929849462716233,1.159875896480186,0.0,True
paper,fixed_pct_width,spot,1.5,0.99,0.5,False,5.0,0.01,,0.06,0.005,-0.0025,0.02,,1,spot,100.0,1200.0,,,False,1,0.005763309416526694,0.0028900268746159252,0.0028900268746159252,0.0028900268746159252,8.372166352578438e-06,0.0028900268746159252,1.0,0.0,0,3.6929849462716233,1.159875896480186,0.0,True
paper,fixed_pct_width,spot,1.5,0.99,0.5,False,5.0,0.01,,0.06,0.005,-0.0025,0.05,,1,spot,100.0,1200.0,,,False,1,0.005763309416526694,0.0028900268746159252,0.0028900268746159252,0.0028900268746159252,8.372166352578438e-06,0.0028900268746159252,1.0,0.0,0,3.6929849462716233,1.159875896480186,0.0,True
paper,fixed_pct_width,spot,1.5,0.99,0.5,False,5.0,0.01,,0.06,0.005,-0.0025,0.1,,1,spot,100.0,1200.0,,,False,1,0.005763309416526694,0.0028900268746159252,0.0028900268746159252,0.0028900268746159252,8.372166352578438e-06,0.0028900268746159252,1.0,0.0,0,3.6929849462716233,1.159875896480186,0.0,True
paper,fixed_pct_width,spot,1.5,0.99,0.5,False,5.0,0.01,,0.06,0.005,-0.005,0.02,,1,spot,100.0,1200.0,,,False,1,0.005763309416526694,0.0028900268746159252,0.0028900268746159252,0.0028900268746159252,8.372166352578438e-06,0.0028900268746159252,1.0,0.0,0,3.6929849462716233,1.159875896480186,0.0,True
paper,fixed_pct_width,spot,1.5,0.99,0.5,False,5.0,0.01,,0.06,0.005,-0.005,0.05,,1,spot,100.0,1200.0,,,False,1,0.005763309416526694,0.0028900268746159252,0.0028900268746159252,0.0028900268746159252,8.372166352578438e-06,0.0028900268746159252,1.0,0.0,0,3.6929849462716233,1.159875896480186,0.0,True
paper,fixed_pct_width,spot,1.5,0.99,0.5,False,5.0,0.01,,0.06,0.005,-0.005,0.1,,1,spot,100.0,1200.0,,,False,1,0.005763309416526694,0.0028900268746159252,0.0028900268746159252,0.0028900268746159252,8.372166352578438e-06,0.0028900268746159252,1.0,0.0,0,3.6929849462716233,1.159875896480186,0.0,True
paper,fixed_pct_width,spot,1.5,0.99,0.5,False,5.0,0.01,,0.06,0.005,-0.01,0.02,,1,spot,100.0,1200.0,,,False,1,0.005763309416526694,0.0028900268746159252,0.0028900268746159252,0.0028900268746159252,8.372166352578438e-06,0.0028900268746159252,1.0,0.0,0,3.6929849462716233,1.159875896480186,0.0,True
paper,fixed_pct_width,spot,1.5,0.99,0.5,False,5.0,0.01,,0.06,0.005,-0.01,0.05,,1,spot,100.0,1200.0,,,False,1,0.005763309416526694,0.0028900268746159252,0.0028900268746159252,0.0028900268746159252,8.372166352578438e-06,0.0028900268746159252,1.0,0.0,0,3.6929849462716233,1.159875896480186,0.0,True
paper,fixed_pct_width,ewma,1.5,0.99,0.5,False,5.0,0.01,,0.04,0.001,-0.0025,0.02,,1,spot,100.0,1200.0,,,False,1,0.004057941147349364,0.002028970573674682,0.002028970573674682,0.002028970573674682,0.0,0.002028970573674682,1.0,1.0,1,2.1809532280601482,1.6684563491447753,3.0,True
paper,fixed_pct_width,ewma,1.5,0.99,0.5,False,5.0,0.01,,0.04,0.001,-0.0025,0.05,,1,spot,100.0,1200.0,,,False,1,0.004057941147349364,0.002028970573674682,0.002028970573674682,0.002028970573674682,0.0,0.002028970573674682,1.0,0.0,0,2.1809532280601482,1.6684563491447753,3.0,True
paper,fixed_pct_width,ewma,1.5,0.99,0.5,False,5.0,0.01,,0.04,0.001,-0.005,0.02,,1,spot,100.0,1200.0,,,False,1,0.004057941147349364,0.002028970573674682,0.002028970573674682,0.002028970573674682,0.0,0.002028970573674682,1.0,0.0,0,2.1809532280601482,1.6684563491447753,3.0,True
paper,fixed_pct_width,ewma,1.5,0.99,0.5,False,5.0,0.01,,0.04,0.001,-0.005,0.05,,1,spot,100.0,1200.0,,,False,1,0.004057941147349364,0.002028970573674682,0.002028970573674682,0.002028970573674682,0.0,0.002028970573674682,1.0,0.0,0,2.1809532280601482,1.6684563491447753,3.0,True
paper,fixed_pct_width,ewma,1.5,0.99,0.5,False,5.0,0.01,,0.04,0.001,-0.01,0.02,,1,spot,100.0,1200.0,,,False,1,0.004057941147349364,0.002028970573674682,0.002028970573674682,0.002028970573674682,0.0,0.002028970573674682,1.0,0.0,0,2.1809532280601482,1.6684563491447753,3.0,True
paper,fixed_pct_width,ewma,1.5,0.99,0.5,False,5.0,0.01,,0.04,0.001,-0.01,0.05,,1,spot,100.0,1200.0,,,False,1,0.004057941147349364,0.002028970573674682,0.002028970573674682,0.002028970573674682,0.0,0.002028970573674682,1.0,0.0,0,2.1809532280601482,1.6684563491447753,3.0,True
paper,fixed_pct_width,ewma,1.5,0.99,0.5,False,5.0,0.01,,0.04,0.001,-0.02,0.02,,1,spot,100.0,1200.0,,,False,1,0.004057941147349364,0.002028970573674682,0.002028970573674682,0.002028970573674682,0.0,0.002028970573674682,1.0,0.0,0,2.1809532280601482,1.6684563491447753,3.0,True
paper,fixed_pct_width,ewma,1.5,0.99,0.5,False,5.0,0.01,,0.04,0.001,-0.02,0.05,,1,spot,100.0,1200.0,,,False,1,0.004057941147349364,0.002028970573674682,0.002028970573674682,0.002028970573674682,0.0,0.002028970573674682,1.0,0.0,0,2.1809532280601482,1.6684563491447753,3.0,True
paper,fixed_pct_width,ewma,1.5,0.99,0.5,False,5.0,0.01,,0.06,0.001,-0.0025,0.02,,1,spot,100.0,1200.0,,,False,1,0.004057941147349364,0.002028970573674682,0.002028970573674682,0.002028970573674682,0.0,0.002028970573674682,1.0,0.0,0,2.1809532280601482,1.6684563491447753,3.0,True
paper,fixed_pct_width,ewma,1.5,0.99,0.5,False,5.0,0.01,,0.06,0.001,-0.0025,0.05,,1,spot,100.0,1200.0,,,False,1,0.004057941147349364,0.002028970573674682,0.002028970573674682,0.002028970573674682,0.0,0.002028970573674682,1.0,0.0,0,2.1809532280601482,1.6684563491447753,3.0,True
paper,fixed_pct_width,ewma,1.5,0.99,0.5,False,5.0,0.01,,0.06,0.001,-0.005,0.02,,1,spot,100.0,1200.0,,,False,1,0.004057941147349364,0.002028970573674682,0.002028970573674682,0.002028970573674682,0.0,0.002028970573674682,1.0,0.0,0,2.1809532280601482,1.6684563491447753,3.0,True
paper,fixed_pct_width,ewma,1.5,0.99,0.5,False,5.0,0.01,,0.06,0.001,-0.005,0.05,,1,spot,100.0,1200.0,,,False,1,0.004057941147349364,0.002028970573674682,0.002028970573674682,0.002028970573674682,0.0,0.002028970573674682,1.0,0.0,0,2.1809532280601482,1.6684563491447753,3.0,True
paper,fixed_pct_width,ewma,1.5,0.99,0.5,False,5.0,0.01,,0.06,0.001,-0.01,0.02,,1,spot,100.0,1200.0,,,False,1,0.004057941147349364,0.002028970573674682,0.002028970573674682,0.002028970573674682,0.0,0.002028970573674682,1.0,0.0,0,2.1809532280601482,1.6684563491447753,3.0,True
paper,fixed_pct_width,ewma,1.5,0.99,0.5,False,5.0,0.01,,0.06,0.001,-0.01,0.05,,1,spot,100.0,1200.0,,,False,1,0.004057941147349364,0.002028970573674682,0.002028970573674682,0.002028970573674682,0.0,0.002028970573674682,1.0,0.0,0,2.1809532280601482,1.6684563491447753,3.0,True
paper,fixed_pct_width,ewma,1.5,0.99,0.5,False,5.0,0.01,,0.04,0.001,-0.0025,0.1,,1,spot,100.0,1200.0,,,False,1,0.0037865711890544607,0.001902635484502424,0.001902635484502424,0.001902635484502424,9.34988997519374e-06,0.001902635484502424,1.0,0.0,0,2.013474130118237,1.485638475496745,3.0,True
paper,fixed_pct_width,ewma,1.5,0.99,0.5,False,5.0,0.01,,0.04,0.001,-0.005,0.1,,1,spot,100.0,1200.0,,,False,1,0.0037865711890544607,0.001902635484502424,0.001902635484502424,0.001902635484502424,9.34988997519374e-06,0.001902635484502424,1.0,0.0,0,2.013474130118237,1.485638475496745,3.0,True
paper,fixed_pct_width,ewma,1.5,0.99,0.5,False,5.0,0.01,,0.04,0.001,-0.01,0.1,,1,spot,100.0,1200.0,,,False,1,0.0037865711890544607,0.001902635484502424,0.001902635484502424,0.001902635484502424,9.34988997519374e-06,0.001902635484502424,1.0,0.0,0,2.013474130118237,1.485638475496745,3.0,True
paper,fixed_pct_width,ewma,1.5,0.99,0.5,False,5.0,0.01,,0.04,0.001,-0.02,0.1,,1,spot,100.0,1200.0,,,False,1,0.0037865711890544607,0.001902635484502424,0.001902635484502424,0.001902635484502424,9.34988997519374e-06,0.001902635484502424,1.0,0.0,0,2.013474130118237,1.485638475496745,3.0,True
paper,fixed_pct_width,ewma,1.5,0.99,0.5,False,5.0,0.01,,0.06,0.001,-0.0025,0.1,,1,spot,100.0,1200.0,,,False,1,0.0037865711890544607,0.001902635484502424,0.001902635484502424,0.001902635484502424,9.34988997519374e-06,0.001902635484502424,1.0,0.0,0,2.013474130118237,1.485638475496745,3.0,True
paper,fixed_pct_width,ewma,1.5,0.99,0.5,False,5.0,0.01,,0.06,0.001,-0.005,0.1,,1,spot,100.0,1200.0,,,False,1,0.0037865711890544607,0.001902635484502424,0.001902635484502424,0.001902635484502424,9.34988997519374e-06,0.001902635484502424,1.0,0.0,0,2.013474130118237,1.485638475496745,3.0,True
paper,fixed_pct_width,spot,1.5,0.99,0.5,False,5.0,0.02,,0.06,0.01,-0.005,0.0,,1,spot,100.0,1200.0,,,False,1,0.0026197667284311166,0.0013098833642155583,0.0013098833642155583,0.0013098833642155583,0.0,0.0013098833642155583,1.0,0.0,0,1.130743569540505,1.1755525137361325,0.0,True
paper,fixed_pct_width,spot,1.5,0.99,0.5,False,5.0,0.02,,0.06,0.01,-0.005,0.02,,1,spot,100.0,1200.0,,,False,1,0.0026197667284311166,0.0013098833642155583,0.0013098833642155583,0.0013098833642155583,0.0,0.0013098833642155583,1.0,0.0,0,1.130743569540505,1.1755525137361325,0.0,True
paper,fixed_pct_width,spot,1.5,0.99,0.5,False,5.0,0.02,,0.06,0.01,-0.005,0.05,,1,spot,100.0,1200.0,,,False,1,0.0026197667284311166,0.0013098833642155583,0.0013098833642155583,0.0013098833642155583,0.0,0.0013098833642155583,1.0,0.0,0,1.130743569540505,1.1755525137361325,0.0,True
paper,fixed_pct_width,spot,1.5,0.99,0.5,False,5.0,0.02,,0.08,0.01,-0.005,0.0,,1,spot,100.0,1200.0,,,False,1,0.0026197667284311166,0.0013098833642155583,0.0013098833642155583,0.0013098833642155583,0.0,0.0013098833642155583,1.0,0.0,0,1.130743569540505,1.1755525137361325,0.0,True
paper,fixed_pct_width,spot,1.5,0.99,0.5,False,5.0,0.02,,0.08,0.01,-0.005,0.02,,1,spot,100.0,1200.0,,,False,1,0.0026197667284311166,0.0013098833642155583,0.0013098833642155583,0.0013098833642155583,0.0,0.0013098833642155583,1.0,0.0,0,1.130743569540505,1.1755525137361325,0.0,True
paper,fixed_pct_width,spot,1.5,0.99,0.5,False,5.0,0.02,,0.08,0.01,-0.005,0.05,,1,spot,100.0,1200.0,,,False,1,0.0026197667284311166,0.0013098833642155583,0.0013098833642155583,0.0013098833642155583,0.0,0.0013098833642155583,1.0,0.0,0,1.130743569540505,1.1755525137361325,0.0,True
paper,fixed_pct_width,spot,1.5,0.99,0.5,False,5.0,0.02,,0.1,0.01,-0.005,0.0,,1,spot,100.0,1200.0,,,False,1,0.0026197667284311166,0.0013098833642155583,0.0013098833642155583,0.0013098833642155583,0.0,0.0013098833642155583,1.0,0.0,0,1.130743569540505,1.1755525137361325,0.0,True
paper,fixed_pct_width,spot,1.5,0.99,0.5,False,5.0,0.02,,0.1,0.01,-0.005,0.02,,1,spot,100.0,1200.0,,,False,1,0.0026197667284311166,0.0013098833642155583,0.0013098833642155583,0.0013098833642155583,0.0,0.0013098833642155583,1.0,0.0,0,1.130743569540505,1.1755525137361325,0.0,True
paper,fixed_pct_width,spot,1.5,0.99,0.5,False,5.0,0.02,,0.1,0.01,-0.005,0.05,,1,spot,100.0,1200.0,,,False,1,0.0026197667284311166,0.0013098833642155583,0.0013098833642155583,0.0013098833642155583,0.0,0.0013098833642155583,1.0,0.0,0,1.130743569540505,1.1755525137361325,0.0,True
paper,fixed_pct_width,spot,1.5,0.99,0.5,False,5.0,0.02,,0.12,0.01,-0.005,0.0,,1,spot,100.0,1200.0,,,False,1,0.0026197667284311166,0.0013098833642155583,0.0013098833642155583,0.0013098833642155583,0.0,0.0013098833642155583,1.0,0.0,0,1.130743569540505,1.1755525137361325,0.0,True
paper,fixed_pct_width,spot,1.5,0.99,0.5,False,5.0,0.02,,0.12,0.01,-0.005,0.02,,1,spot,100.0,1200.0,,,False,1,0.0026197667284311166,0.0013098833642155583,0.0013098833642155583,0.0013098833642155583,0.0,0.0013098833642155583,1.0,0.0,0,1.130743569540505,1.1755525137361325,0.0,True
paper,fixed_pct_width,spot,1.5,0.99,0.5,False,5.0,0.02,,0.12,0.01,-0.005,0.05,,1,spot,100.0,1200.0,,,False,1,0.0026197667284311166,0.0013098833642155583,0.0013098833642155583,0.0013098833642155583,0.0,0.0013098833642155583,1.0,0.0,0,1.130743569540505,1.1755525137361325,0.0,True
paper,fixed_pct_width,spot,1.5,0.99,0.5,False,5.0,0.005,,0.1,0.001,-0.0025,0.02,,1,spot,100.0,1200.0,,,False,1,0.002583690947817706,0.0015457282680717555,0.0015457282680717555,0.0015457282680717555,0.0002538827941629025,0.0015457282680717555,1.0,1.0,1,2.941418458988037,1.5012502769032956,1.0,True
paper,fixed_pct_width,spot,1.5,0.99,0.5,False,5.0,0.005,,0.1,0.001,-0.0025,0.05,,1,spot,100.0,1200.0,,,False,1,0.002583690947817706,0.0015457282680717555,0.0015457282680717555,0.0015457282680717555,0.0002538827941629025,0.0015457282680717555,1.0,0.0,0,2.941418458988037,1.5012502769032956,1.0,True
paper,fixed_pct_width,spot,1.5,0.99,0.5,False,5.0,0.005,,0.1,0.001,-0.0025,0.1,,1,spot,100.0,1200.0,,,False,1,0.002583690947817706,0.0015457282680717555,0.0015457282680717555,0.0015457282680717555,0.0002538827941629025,0.0015457282680717555,1.0,0.0,0,2.941418458988037,1.5012502769032956,1.0,True
paper,fixed_pct_width,spot,1.5,0.99,0.5,False,5.0,0.005,,0.1,0.001,-0.005,0.02,,1,spot,100.0,1200.0,,,False,1,0.002583690947817706,0.0015457282680717555,0.0015457282680717555,0.0015457282680717555,0.0002538827941629025,0.0015457282680717555,1.0,0.0,0,2.941418458988037,1.5012502769032956,1.0,True
paper,fixed_pct_width,spot,1.5,0.99,0.5,False,5.0,0.005,,0.1,0.001,-0.005,0.05,,1,spot,100.0,1200.0,,,False,1,0.002583690947817706,0.0015457282680717555,0.0015457282680717555,0.0015457282680717555,0.0002538827941629025,0.0015457282680717555,1.0,0.0,0,2.941418458988037,1.5012502769032956,1.0,True
paper,fixed_pct_width,spot,1.5,0.99,0.5,False,5.0,0.005,,0.1,0.001,-0.005,0.1,,1,spot,100.0,1200.0,,,False,1,0.002583690947817706,0.0015457282680717555,0.0015457282680717555,0.0015457282680717555,0.0002538827941629025,0.0015457282680717555,1.0,0.0,0,2.941418458988037,1.5012502769032956,1.0,True
paper,fixed_pct_width,spot,1.5,0.99,0.5,False,5.0,0.005,,0.1,0.001,-0.01,0.02,,1,spot,100.0,1200.0,,,False,1,0.002583690947817706,0.0015457282680717555,0.0015457282680717555,0.0015457282680717555,0.0002538827941629025,0.0015457282680717555,1.0,0.0,0,2.941418458988037,1.5012502769032956,1.0,True
paper,fixed_pct_width,spot,1.5,0.99,0.5,False,5.0,0.005,,0.1,0.001,-0.01,0.05,,1,spot,100.0,1200.0,,,False,1,0.002583690947817706,0.0015457282680717555,0.0015457282680717555,0.0015457282680717555,0.0002538827941629025,0.0015457282680717555,1.0,0.0,0,2.941418458988037,1.5012502769032956,1.0,True
paper,fixed_pct_width,spot,1.5,0.99,0.5,False,5.0,0.005,,0.1,0.001,-0.01,0.1,,1,spot,100.0,1200.0,,,False,1,0.002583690947817706,0.0015457282680717555,0.0015457282680717555,0.0015457282680717555,0.0002538827941629025,0.0015457282680717555,1.0,0.0,0,2.941418458988037,1.5012502769032956,1.0,True
paper,fixed_pct_width,spot,1.5,0.99,0.5,False,5.0,0.005,,0.1,0.001,-0.02,0.02,,1,spot,100.0,1200.0,,,False,1,0.002583690947817706,0.0015457282680717555,0.0015457282680717555,0.0015457282680717555,0.0002538827941629025,0.0015457282680717555,1.0,0.0,0,2.941418458988037,1.5012502769032956,1.0,True
paper,fixed_pct_width,spot,1.5,0.99,0.5,False,5.0,0.005,,0.1,0.001,-0.02,0.05,,1,spot,100.0,1200.0,,,False,1,0.002583690947817706,0.0015457282680717555,0.0015457282680717555,0.0015457282680717555,0.0002538827941629025,0.0015457282680717555,1.0,0.0,0,2.941418458988037,1.5012502769032956,1.0,True
paper,fixed_pct_width,spot,1.5,0.99,0.5,False,5.0,0.005,,0.1,0.001,-0.02,0.1,,1,spot,100.0,1200.0,,,False,1,0.002583690947817706,0.0015457282680717555,0.0015457282680717555,0.0015457282680717555,0.0002538827941629025,0.0015457282680717555,1.0,0.0,0,2.941418458988037,1.5012502769032956,1.0,True
paper,fixed_pct_width,spot,1.5,0.99,0.5,False,5.0,0.005,,0.12,0.001,-0.0025,0.02,,1,spot,100.0,1200.0,,,False,1,0.002583690947817706,0.0015457282680717555,0.0015457282680717555,0.0015457282680717555,0.0002538827941629025,0.0015457282680717555,1.0,0.0,0,2.941418458988037,1.5012502769032956,1.0,True
paper,fixed_pct_width,spot,1.5,0.99,0.5,False,5.0,0.005,,0.12,0.001,-0.0025,0.05,,1,spot,100.0,1200.0,,,False,1,0.002583690947817706,0.0015457282680717555,0.0015457282680717555,0.0015457282680717555,0.0002538827941629025,0.0015457282680717555,1.0,0.0,0,2.941418458988037,1.5012502769032956,1.0,True
paper,fixed_pct_width,spot,1.5,0.99,0.5,False,5.0,0.005,,0.12,0.001,-0.0025,0.1,,1,spot,100.0,1200.0,,,False,1,0.002583690947817706,0.0015457282680717555,0.0015457282680717555,0.0015457282680717555,0.0002538827941629025,0.0015457282680717555,1.0,0.0,0,2.941418458988037,1.5012502769032956,1.0,True
paper,fixed_pct_width,ewma,1.5,0.99,0.5,False,5.0,0.02,,0.04,0.005,-0.005,0.1,,1,spot,100.0,1200.0,,,False,1,0.002327999692801619,0.0011639998464008094,0.0011639998464008094,0.0011639998464008094,0.0,0.0011639998464008094,1.0,1.0,1,2.934632574672698,0.9660923972933831,0.0,True
paper,fixed_pct_width,ewma,1.5,0.99,0.5,False,5.0,0.02,,0.04,0.005,-0.01,0.1,,1,spot,100.0,1200.0,,,False,1,0.002327999692801619,0.0011639998464008094,0.0011639998464008094,0.0011639998464008094,0.0,0.0011639998464008094,1.0,0.0,0,2.934632574672698,0.9660923972933831,0.0,True
paper,fixed_pct_width,ewma,1.5,0.99,0.5,False,5.0,0.02,,0.04,0.005,-0.02,0.1,,1,spot,100.0,1200.0,,,False,1,0.002327999692801619,0.0011639998464008094,0.0011639998464008094,0.0011639998464008094,0.0,0.0011639998464008094,1.0,0.0,0,2.934632574672698,0.9660923972933831,0.0,True
paper,fixed_pct_width,ewma,1.5,0.99,0.5,False,5.0,0.02,,0.06,0.005,-0.005,0.1,,1,spot,100.0,1200.0,,,False,1,0.002327999692801619,0.0011639998464008094,0.0011639998464008094,0.0011639998464008094,0.0,0.0011639998464008094,1.0,0.0,0,2.934632574672698,0.9660923972933831,0.0,True
paper,fixed_pct_width,ewma,1.5,0.99,0.5,False,5.0,0.02,,0.06,0.005,-0.01,0.1,,1,spot,100.0,1200.0,,,False,1,0.002327999692801619,0.0011639998464008094,0.0011639998464008094,0.0011639998464008094,0.0,0.0011639998464008094,1.0,0.0,0,2.934632574672698,0.9660923972933831,0.0,True
paper,fixed_pct_width,ewma,1.5,0.99,0.5,False,5.0,0.02,,0.06,0.005,-0.02,0.1,,1,spot,100.0,1200.0,,,False,1,0.002327999692801619,0.0011639998464008094,0.0011639998464008094,0.0011639998464008094,0.0,0.0011639998464008094,1.0,0.0,0,2.934632574672698,0.9660923972933831,0.0,True
paper,fixed_pct_width,ewma,1.5,0.99,0.5,False,5.0,0.02,,0.08,0.005,-0.005,0.1,,1,spot,100.0,1200.0,,,False,1,0.002327999692801619,0.0011639998464008094,0.0011639998464008094,0.0011639998464008094,0.0,0.0011639998464008094,1.0,0.0,0,2.934632574672698,0.9660923972933831,0.0,True
paper,fixed_pct_width,ewma,1.5,0.99,0.5,False,5.0,0.02,,0.1,0.005,-0.005,0.1,,1,spot,100.0,1200.0,,,False,1,0.002327999692801619,0.0011639998464008094,0.0011639998464008094,0.0011639998464008094,0.0,0.0011639998464008094,1.0,0.0,0,2.934632574672698,0.9660923972933831,0.0,True
paper,fixed_pct_width,ewma,1.5,0.99,0.5,False,5.0,0.02,,0.1,0.005,-0.01,0.1,,1,spot,100.0,1200.0,,,False,1,0.002327999692801619,0.0011639998464008094,0.0011639998464008094,0.0011639998464008094,0.0,0.0011639998464008094,1.0,0.0,0,2.934632574672698,0.9660923972933831,0.0,True
paper,fixed_pct_width,ewma,1.5,0.99,0.5,False,5.0,0.02,,0.1,0.005,-0.02,0.1,,1,spot,100.0,1200.0,,,False,1,0.002327999692801619,0.0011639998464008094,0.0011639998464008094,0.0011639998464008094,0.0,0.0011639998464008094,1.0,0.0,0,2.934632574672698,0.9660923972933831,0.0,True
paper,fixed_pct_width,ewma,1.5,0.99,0.5,False,5.0,0.02,,0.12,0.005,-0.005,0.1,,1,spot,100.0,1200.0,,,False,1,0.002327999692801619,0.0011639998464008094,0.0011639998464008094,0.0011639998464008094,0.0,0.0011639998464008094,1.0,0.0,0,2.934632574672698,0.9660923972933831,0.0,True
paper,fixed_pct_width,ewma,1.5,0.99,0.5,False,5.0,0.02,,0.12,0.005,-0.01,0.1,,1,spot,100.0,1200.0,,,False,1,0.002327999692801619,0.0011639998464008094,0.0011639998464008094,0.0011639998464008094,0.0,0.0011639998464008094,1.0,0.0,0,2.934632574672698,0.9660923972933831,0.0,True
paper,fixed_pct_width,ewma,1.5,0.99,0.5,False,5.0,0.02,,0.12,0.005,-0.02,0.1,,1,spot,100.0,1200.0,,,False,1,0.002327999692801619,0.0011639998464008094,0.0011639998464008094,0.0011639998464008094,0.0,0.0011639998464008094,1.0,0.0,0,2.934632574672698,0.9660923972933831,0.0,True
paper,fixed_pct_width,ewma,1.5,0.99,0.5,False,5.0,0.02,,0.04,0.005,-0.0025,0.1,,1,spot,100.0,1200.0,,,False,1,0.00208606736149175,0.001043033680745875,0.001043033680745875,0.001043033680745875,0.0,0.001043033680745875,1.0,0.0,0,2.9361089967950234,1.1680575505480741,2.0,True
paper,fixed_pct_width,ewma,1.5,0.99,0.5,False,5.0,0.02,,0.06,0.005,-0.0025,0.1,,1,spot,100.0,1200.0,,,False,1,0.00208606736149175,0.001043033680745875,0.001043033680745875,0.001043033680745875,0.0,0.001043033680745875,1.0,0.0,0,2.9361089967950234,1.1680575505480741,2.0,True
paper,fixed_pct_width,ewma,1.5,0.99,0.5,False,5.0,0.02,,0.08,0.005,-0.0025,0.1,,1,spot,100.0,1200.0,,,False,1,0.00208606736149175,0.001043033680745875,0.001043033680745875,0.001043033680745875,0.0,0.001043033680745875,1.0,0.0,0,2.9361089967950234,1.1680575505480741,2.0,True
paper,fixed_pct_width,ewma,1.5,0.99,0.5,False,5.0,0.02,,0.1,0.005,-0.0025,0.1,,1,spot,100.0,1200.0,,,False,1,0.00208606736149175,0.001043033680745875,0.001043033680745875,0.001043033680745875,0.0,0.001043033680745875,1.0,0.0,0,2.9361089967950234,1.1680575505480741,2.0,True
paper,fixed_pct_width,ewma,1.5,0.99,0.5,False,5.0,0.02,,0.12,0.005,-0.0025,0.1,,1,spot,100.0,1200.0,,,False,1,0.00208606736149175,0.001043033680745875,0.001043033680745875,0.001043033680745875,0.0,0.001043033680745875,1.0,0.0,0,2.9361089967950234,1.1680575505480741,2.0,True
paper,fixed_pct_width,spot,1.5,0.99,0.5,False,5.0,0.1,,0.04,0.005,-0.02,0.0,,1,spot,100.0,1200.0,,,False,1,0.001580220634144977,0.0008184450618118344,0.0008184450618118344,0.0008184450618118344,2.833474473934589e-05,0.0008184450618118344,1.0,1.0,1,0.7649637096153344,0.9292509271425253,0.0,True
paper,fixed_pct_width,spot,1.5,0.99,0.5,False,5.0,0.1,,0.04,0.005,-0.02,0.02,,1,spot,100.0,1200.0,,,False,1,0.001580220634144977,0.0008184450618118344,0.0008184450618118344,0.0008184450618118344,2.833474473934589e-05,0.0008184450618118344,1.0,0.0,0,0.7649637096153344,0.9292509271425253,0.0,True
paper,fixed_pct_width,spot,1.5,0.99,0.5,False,5.0,0.1,,0.04,0.005,-0.02,0.05,,1,spot,100.0,1200.0,,,False,1,0.001580220634144977,0.0008184450618118344,0.0008184450618118344,0.0008184450618118344,2.833474473934589e-05,0.0008184450618118344,1.0,0.0,0,0.7649637096153344,0.9292509271425253,0.0,True
paper,fixed_pct_width,spot,1.5,0.99,0.5,False,5.0,0.1,,0.04,0.005,-0.02,0.1,,1,spot,100.0,1200.0,,,False,1,0.001580220634144977,0.0008184450618118344,0.0008184450618118344,0.0008184450618118344,2.833474473934589e-05,0.0008184450618118344,1.0,0.0,0,0.7649637096153344,0.9292509271425253,0.0,True
paper,fixed_pct_width,spot,1.5,0.99,0.5,False,5.0,0.1,,0.04,0.01,-0.02,0.0,,1,spot,100.0,1200.0,,,False,1,0.001580220634144977,0.0008184450618118344,0.0008184450618118344,0.0008184450618118344,2.833474473934589e-05,0.0008184450618118344,1.0,0.0,0,0.7649637096153344,0.9292509271425253,0.0,True
paper,fixed_pct_width,spot,1.5,0.99,0.5,False,5.0,0.1,,0.04,0.01,-0.02,0.02,,1,spot,100.0,1200.0,,,False,1,0.001580220634144977,0.0008184450618118344,0.0008184450618118344,0.0008184450618118344,2.833474473934589e-05,0.0008184450618118344,1.0,0.0,0,0.7649637096153344,0.9292509271425253,0.0,True
paper,fixed_pct_width,spot,1.5,0.99,0.5,False,5.0,0.1,,0.04,0.01,-0.02,0.05,,1,spot,100.0,1200.0,,,False,1,0.001580220634144977,0.0008184450618118344,0.0008184450618118344,0.0008184450618118344,2.833474473934589e-05,0.0008184450618118344,1.0,0.0,0,0.7649637096153344,0.9292509271425253,0.0,True
paper,fixed_pct_width,spot,1.5,0.99,0.5,False,5.0,0.1,,0.04,0.01,-0.02,0.1,,1,spot,100.0,1200.0,,,False,1,0.001580220634144977,0.0008184450618118344,0.0008184450618118344,0.0008184450618118344,2.833474473934589e-05,0.0008184450618118344,1.0,0.0,0,0.7649637096153344,0.9292509271425253,0.0,True
paper,fixed_pct_width,spot,1.5,0.99,0.5,False,5.0,0.01,,0.04,0.01,-0.005,0.1,,1,spot,100.0,1200.0,,,False,1,0.0012637636126680007,0.0006318818063340004,0.0006318818063340004,0.0006318818063340004,0.0,0.0006318818063340004,1.0,1.0,1,3.4978314095762166,0.9392759499156864,0.0,True
paper,fixed_pct_width,spot,1.5,0.99,0.5,False,5.0,0.01,,0.04,0.01,-0.01,0.1,,1,spot,100.0,1200.0,,,False,1,0.0012637636126680007,0.0006318818063340004,0.0006318818063340004,0.0006318818063340004,0.0,0.0006318818063340004,1.0,0.0,0,3.4978314095762166,0.9392759499156864,0.0,True
paper,fixed_pct_width,spot,1.5,0.99,0.5,False,5.0,0.01,,0.04,0.01,-0.02,0.1,,1,spot,100.0,1200.0,,,False,1,0.0012637636126680007,0.0006318818063340004,0.0006318818063340004,0.0006318818063340004,0.0,0.0006318818063340004,1.0,0.0,0,3.4978314095762166,0.9392759499156864,0.0,True
paper,fixed_pct_width,spot,1.5,0.99,0.5,False,5.0,0.01,,0.06,0.01,-0.005,0.1,,1,spot,100.0,1200.0,,,False,1,0.0012637636126680007,0.0006318818063340004,0.0006318818063340004,0.0006318818063340004,0.0,0.0006318818063340004,1.0,0.0,0,3.4978314095762166,0.9392759499156864,0.0,True
paper,fixed_pct_width,spot,1.5,0.99,0.5,False,5.0,0.01,,0.06,0.01,-0.01,0.1,,1,spot,100.0,1200.0,,,False,1,0.0012637636126680007,0.0006318818063340004,0.0006318818063340004,0.0006318818063340004,0.0,0.0006318818063340004,1.0,0.0,0,3.4978314095762166,0.9392759499156864,0.0,True
paper,fixed_pct_width,spot,1.5,0.99,0.5,False,5.0,0.01,,0.06,0.01,-0.02,0.1,,1,spot,100.0,1200.0,,,False,1,0.0012637636126680007,0.0006318818063340004,0.0006318818063340004,0.0006318818063340004,0.0,0.0006318818063340004,1.0,0.0,0,3.4978314095762166,0.9392759499156864,0.0,True
paper,fixed_pct_width,spot,1.5,0.99,0.5,False,5.0,0.01,,0.08,0.01,-0.005,0.1,,1,spot,100.0,1200.0,,,False,1,0.0012637636126680007,0.0006318818063340004,0.0006318818063340004,0.0006318818063340004,0.0,0.0006318818063340004,1.0,0.0,0,3.4978314095762166,0.9392759499156864,0.0,True
paper,fixed_pct_width,spot,1.5,0.99,0.5,False,5.0,0.01,,0.08,0.01,-0.01,0.1,,1,spot,100.0,1200.0,,,False,1,0.0012637636126680007,0.0006318818063340004,0.0006318818063340004,0.0006318818063340004,0.0,0.0006318818063340004,1.0,0.0,0,3.4978314095762166,0.9392759499156864,0.0,True
paper,fixed_pct_width,spot,1.5,0.99,0.5,False,5.0,0.01,,0.08,0.01,-0.02,0.1,,1,spot,100.0,1200.0,,,False,1,0.0012637636126680007,0.0006318818063340004,0.0006318818063340004,0.0006318818063340004,0.0,0.0006318818063340004,1.0,0.0,0,3.4978314095762166,0.9392759499156864,0.0,True
paper,fixed_pct_width,spot,1.5,0.99,0.5,False,5.0,0.01,,0.1,0.01,-0.005,0.1,,1,spot,100.0,1200.0,,,False,1,0.0012637636126680007,0.0006318818063340004,0.0006318818063340004,0.0006318818063340004,0.0,0.0006318818063340004,1.0,0.0,0,3.4978314095762166,0.9392759499156864,0.0,True
paper,fixed_pct_width,spot,1.5,0.99,0.5,False,5.0,0.01,,0.1,0.01,-0.01,0.1,,1,spot,100.0,1200.0,,,False,1,0.0012637636126680007,0.0006318818063340004,0.0006318818063340004,0.0006318818063340004,0.0,0.0006318818063340004,1.0,0.0,0,3.4978314095762166,0.9392759499156864,0.0,True
paper,fixed_pct_width,spot,1.5,0.99,0.5,False,5.0,0.01,,0.1,0.01,-0.02,0.1,,1,spot,100.0,1200.0,,,False,1,0.0012637636126680007,0.0006318818063340004,0.0006318818063340004,0.0006318818063340004,0.0,0.0006318818063340004,1.0,0.0,0,3.4978314095762166,0.9392759499156864,0.0,True
paper,fixed_pct_width,spot,1.5,0.99,0.5,False,5.0,0.01,,0.12,0.01,-0.005,0.1,,1,spot,100.0,1200.0,,,False,1,0.0012637636126680007,0.0006318818063340004,0.0006318818063340004,0.0006318818063340004,0.0,0.0006318818063340004,1.0,0.0,0,3.4978314095762166,0.9392759499156864,0.0,True
paper,fixed_pct_width,spot,1.5,0.99,0.5,False,5.0,0.01,,0.12,0.01,-0.01,0.1,,1,spot,100.0,1200.0,,,False,1,0.0012637636126680007,0.0006318818063340004,0.0006318818063340004,0.0006318818063340004,0.0,0.0006318818063340004,1.0,0.0,0,3.4978314095762166,0.9392759499156864,0.0,True
paper,fixed_pct_width,spot,1.5,0.99,0.5,False,5.0,0.01,,0.12,0.01,-0.02,0.1,,1,spot,100.0,1200.0,,,False,1,0.0012637636126680007,0.0006318818063340004,0.0006318818063340004,0.0006318818063340004,0.0,0.0006318818063340004,1.0,0.0,0,3.4978314095762166,0.9392759499156864,0.0,True
paper,fixed_pct_width,spot,1.5,0.99,0.5,False,5.0,0.01,,0.1,0.001,-0.005,0.1,,1,spot,100.0,1200.0,,,False,1,0.0012637636126680007,0.0006318818063340004,0.0006318818063340004,0.0006318818063340004,0.0,0.0006318818063340004,1.0,0.0,0,3.4978314095762166,0.9392759499156864,0.0,True
paper,fixed_pct_width,spot,1.5,0.99,0.5,False,5.0,0.01,,0.1,0.001,-0.01,0.1,,1,spot,100.0,1200.0,,,False,1,0.0012637636126680007,0.0006318818063340004,0.0006318818063340004,0.0006318818063340004,0.0,0.0006318818063340004,1.0,0.0,0,3.4978314095762166,0.9392759499156864,0.0,True
paper,fixed_pct_width,spot,1.5,0.99,0.5,False,5.0,0.01,,0.1,0.001,-0.02,0.1,,1,spot,100.0,1200.0,,,False,1,0.0012637636126680007,0.0006318818063340004,0.0006318818063340004,0.0006318818063340004,0.0,0.0006318818063340004,1.0,0.0,0,3.4978314095762166,0.9392759499156864,0.0,True
paper,fixed_pct_width,spot,1.5,0.99,0.5,False,5.0,0.01,,0.12,0.001,-0.005,0.1,,1,spot,100.0,1200.0,,,False,1,0.0012637636126680007,0.0006318818063340004,0.0006318818063340004,0.0006318818063340004,0.0,0.0006318818063340004,1.0,0.0,0,3.4978314095762166,0.9392759499156864,0.0,True
paper,fixed_pct_width,spot,1.5,0.99,0.5,False,5.0,0.01,,0.12,0.001,-0.01,0.1,,1,spot,100.0,1200.0,,,False,1,0.0012637636126680007,0.0006318818063340004,0.0006318818063340004,0.0006318818063340004,0.0,0.0006318818063340004,1.0,0.0,0,3.4978314095762166,0.9392759499156864,0.0,True
paper,fixed_pct_width,spot,1.5,0.99,0.5,False,5.0,0.0025,,0.06,0.0025,-0.005,0.1,,1,spot,100.0,1200.0,,,False,1,0.001144529205265421,0.0005722646026327105,0.0005722646026327105,0.0005722646026327105,0.0,0.0005722646026327105,1.0,0.0,0,0.9118244619611106,1.078581821475119,0.0,True
paper,fixed_pct_width,spot,1.5,0.99,0.5,False,5.0,0.0025,,0.06,0.0025,-0.01,0.1,,1,spot,100.0,1200.0,,,False,1,0.001144529205265421,0.0005722646026327105,0.0005722646026327105,0.0005722646026327105,0.0,0.0005722646026327105,1.0,0.0,0,0.9118244619611106,1.078581821475119,0.0,True
paper,fixed_pct_width,spot,1.5,0.99,0.5,False,5.0,0.0025,,0.06,0.0025,-0.02,0.1,,1,spot,100.0,1200.0,,,False,1,0.001144529205265421,0.0005722646026327105,0.0005722646026327105,0.0005722646026327105,0.0,0.0005722646026327105,1.0,0.0,0,0.9118244619611106,1.078581821475119,0.0,True
paper,fixed_pct_width,ewma,1.5,0.99,0.5,False,5.0,0.02,,0.08,0.005,-0.01,0.1,,1,spot,100.0,1200.0,,,False,2,0.0007486115910136926,0.000637537145804834,0.000637537145804834,0.00011107444520885856,0.0,0.00011107444520885856,1.0,0.0,0,1.643015716230992,0.937344847870559,0.0,True
paper,fixed_pct_width,ewma,1.5,0.99,0.5,False,5.0,0.02,,0.08,0.005,-0.02,0.1,,1,spot,100.0,1200.0,,,False,2,0.0007486115910136926,0.000637537145804834,0.000637537145804834,0.00011107444520885856,0.0,0.00011107444520885856,1.0,0.0,0,1.643015716230992,0.937344847870559,0.0,True
paper,fixed_pct_width,spot,1.5,0.99,0.5,False,5.0,0.1,,0.04,0.001,-0.02,0.0,,1,spot,100.0,1200.0,,,False,1,0.00046497524669942647,0.0002654610462924367,0.0002654610462924367,0.0002654610462924367,3.2973422942723484e-05,0.0002654610462924367,1.0,0.0,0,0.780553250541062,1.1606951317233531,1.0,True
paper,fixed_pct_width,spot,1.5,0.99,0.5,False,5.0,0.1,,0.04,0.001,-0.02,0.02,,1,spot,100.0,1200.0,,,False,1,0.00046497524669942647,0.0002654610462924367,0.0002654610462924367,0.0002654610462924367,3.2973422942723484e-05,0.0002654610462924367,1.0,0.0,0,0.780553250541062,1.1606951317233531,1.0,True
paper,fixed_pct_width,spot,1.5,0.99,0.5,False,5.0,0.1,,0.04,0.001,-0.02,0.05,,1,spot,100.0,1200.0,,,False,1,0.00046497524669942647,0.0002654610462924367,0.0002654610462924367,0.0002654610462924367,3.2973422942723484e-05,0.0002654610462924367,1.0,0.0,0,0.780553250541062,1.1606951317233531,1.0,True
paper,fixed_pct_width,spot,1.5,0.99,0.5,False,5.0,0.1,,0.04,0.001,-0.02,0.1,,1,spot,100.0,1200.0,,,False,1,0.00046497524669942647,0.0002654610462924367,0.0002654610462924367,0.0002654610462924367,3.2973422942723484e-05,0.0002654610462924367,1.0,0.0,0,0.780553250541062,1.1606951317233531,1.0,True
paper,fixed_pct_width,spot,1.5,0.99,0.5,False,5.0,0.1,,0.04,0.0025,-0.02,0.0,,1,spot,100.0,1200.0,,,False,1,0.00046497524669942647,0.0002654610462924367,0.0002654610462924367,0.0002654610462924367,3.2973422942723484e-05,0.0002654610462924367,1.0,0.0,0,0.780553250541062,1.1606951317233531,1.0,True
paper,fixed_pct_width,spot,1.5,0.99,0.5,False,5.0,0.1,,0.04,0.0025,-0.02,0.02,,1,spot,100.0,1200.0,,,False,1,0.00046497524669942647,0.0002654610462924367,0.0002654610462924367,0.0002654610462924367,3.2973422942723484e-05,0.0002654610462924367,1.0,0.0,0,0.780553250541062,1.1606951317233531,1.0,True
paper,fixed_pct_width,spot,1.5,0.99,0.5,False,5.0,0.1,,0.04,0.0025,-0.02,0.05,,1,spot,100.0,1200.0,,,False,1,0.00046497524669942647,0.0002654610462924367,0.0002654610462924367,0.0002654610462924367,3.2973422942723484e-05,0.0002654610462924367,1.0,0.0,0,0.780553250541062,1.1606951317233531,1.0,True
paper,fixed_pct_width,spot,1.5,0.99,0.5,False,5.0,0.1,,0.04,0.0025,-0.02,0.1,,1,spot,100.0,1200.0,,,False,1,0.00046497524669942647,0.0002654610462924367,0.0002654610462924367,0.0002654610462924367,3.2973422942723484e-05,0.0002654610462924367,1.0,0.0,0,0.780553250541062,1.1606951317233531,1.0,True
paper,fixed_pct_width,spot,1.5,0.99,0.5,False,5.0,0.1,,0.06,0.001,-0.02,0.0,,1,spot,100.0,1200.0,,,False,1,0.00046497524669942647,0.0002654610462924367,0.0002654610462924367,0.0002654610462924367,3.2973422942723484e-05,0.0002654610462924367,1.0,0.0,0,0.780553250541062,1.1606951317233531,1.0,True
paper,fixed_pct_width,spot,1.5,0.99,0.5,False,5.0,0.1,,0.06,0.001,-0.02,0.02,,1,spot,100.0,1200.0,,,False,1,0.00046497524669942647,0.0002654610462924367,0.0002654610462924367,0.0002654610462924367,3.2973422942723484e-05,0.0002654610462924367,1.0,0.0,0,0.780553250541062,1.1606951317233531,1.0,True
paper,fixed_pct_width,spot,1.5,0.99,0.5,False,5.0,0.1,,0.06,0.001,-0.02,0.05,,1,spot,100.0,1200.0,,,False,1,0.00046497524669942647,0.0002654610462924367,0.0002654610462924367,0.0002654610462924367,3.2973422942723484e-05,0.0002654610462924367,1.0,0.0,0,0.780553250541062,1.1606951317233531,1.0,True
paper,fixed_pct_width,spot,1.5,0.99,0.5,False,5.0,0.1,,0.06,0.001,-0.02,0.1,,1,spot,100.0,1200.0,,,False,1,0.00046497524669942647,0.0002654610462924367,0.0002654610462924367,0.0002654610462924367,3.2973422942723484e-05,0.0002654610462924367,1.0,0.0,0,0.780553250541062,1.1606951317233531,1.0,True
paper,fixed_pct_width,ewma,1.5,0.99,0.5,False,5.0,0.02,,0.08,0.0025,-0.01,0.0,,1,spot,100.0,1200.0,,,False,1,0.00022214889041771713,0.00011107444520885856,0.00011107444520885856,0.00011107444520885856,0.0,0.00011107444520885856,1.0,1.0,1,0.35139885778928587,0.9085972984477348,0.0,True
paper,fixed_pct_width,ewma,1.5,0.99,0.5,False,5.0,0.02,,0.08,0.0025,-0.01,0.02,,1,spot,100.0,1200.0,,,False,1,0.00022214889041771713,0.00011107444520885856,0.00011107444520885856,0.00011107444520885856,0.0,0.00011107444520885856,1.0,0.0,0,0.35139885778928587,0.9085972984477348,0.0,True
paper,fixed_pct_width,ewma,1.5,0.99,0.5,False,5.0,0.02,,0.08,0.0025,-0.01,0.05,,1,spot,100.0,1200.0,,,False,1,0.00022214889041771713,0.00011107444520885856,0.00011107444520885856,0.00011107444520885856,0.0,0.00011107444520885856,1.0,0.0,0,0.35139885778928587,0.9085972984477348,0.0,True
paper,fixed_pct_width,ewma,1.5,0.99,0.5,False,5.0,0.02,,0.08,0.0025,-0.01,0.1,,1,spot,100.0,1200.0,,,False,1,0.00022214889041771713,0.00011107444520885856,0.00011107444520885856,0.00011107444520885856,0.0,0.00011107444520885856,1.0,0.0,0,0.35139885778928587,0.9085972984477348,0.0,True
paper,fixed_pct_width,ewma,1.5,0.99,0.5,False,5.0,0.02,,0.08,0.0025,-0.02,0.0,,1,spot,100.0,1200.0,,,False,1,0.00022214889041771713,0.00011107444520885856,0.00011107444520885856,0.00011107444520885856,0.0,0.00011107444520885856,1.0,0.0,0,0.35139885778928587,0.9085972984477348,0.0,True
paper,fixed_pct_width,ewma,1.5,0.99,0.5,False,5.0,0.02,,0.08,0.0025,-0.02,0.02,,1,spot,100.0,1200.0,,,False,1,0.00022214889041771713,0.00011107444520885856,0.00011107444520885856,0.00011107444520885856,0.0,0.00011107444520885856,1.0,0.0,0,0.35139885778928587,0.9085972984477348,0.0,True
paper,fixed_pct_width,ewma,1.5,0.99,0.5,False,5.0,0.02,,0.08,0.0025,-0.02,0.05,,1,spot,100.0,1200.0,,,False,1,0.00022214889041771713,0.00011107444520885856,0.00011107444520885856,0.00011107444520885856,0.0,0.00011107444520885856,1.0,0.0,0,0.35139885778928587,0.9085972984477348,0.0,True
paper,fixed_pct_width,ewma,1.5,0.99,0.5,False,5.0,0.02,,0.08,0.0025,-0.02,0.1,,1,spot,100.0,1200.0,,,False,1,0.00022214889041771713,0.00011107444520885856,0.00011107444520885856,0.00011107444520885856,0.0,0.00011107444520885856,1.0,0.0,0,0.35139885778928587,0.9085972984477348,0.0,True
paper,fixed_pct_width,ewma,1.5,0.99,0.5,False,5.0,0.02,,0.08,0.005,-0.01,0.0,,1,spot,100.0,1200.0,,,False,1,0.00022214889041771713,0.00011107444520885856,0.00011107444520885856,0.00011107444520885856,0.0,0.00011107444520885856,1.0,0.0,0,0.35139885778928587,0.9085972984477348,0.0,True
paper,fixed_pct_width,ewma,1.5,0.99,0.5,False,5.0,0.02,,0.08,0.005,-0.01,0.02,,1,spot,100.0,1200.0,,,False,1,0.00022214889041771713,0.00011107444520885856,0.00011107444520885856,0.00011107444520885856,0.0,0.00011107444520885856,1.0,0.0,0,0.35139885778928587,0.9085972984477348,0.0,True
paper,fixed_pct_width,ewma,1.5,0.99,0.5,False,5.0,0.02,,0.08,0.005,-0.01,0.05,,1,spot,100.0,1200.0,,,False,1,0.00022214889041771713,0.00011107444520885856,0.00011107444520885856,0.00011107444520885856,0.0,0.00011107444520885856,1.0,0.0,0,0.35139885778928587,0.9085972984477348,0.0,True
paper,fixed_pct_width,ewma,1.5,0.99,0.5,False,5.0,0.02,,0.08,0.005,-0.02,0.0,,1,spot,100.0,1200.0,,,False,1,0.00022214889041771713,0.00011107444520885856,0.00011107444520885856,0.00011107444520885856,0.0,0.00011107444520885856,1.0,0.0,0,0.35139885778928587,0.9085972984477348,0.0,True
paper,fixed_pct_width,ewma,1.5,0.99,0.5,False,5.0,0.02,,0.08,0.005,-0.02,0.02,,1,spot,100.0,1200.0,,,False,1,0.00022214889041771713,0.00011107444520885856,0.00011107444520885856,0.00011107444520885856,0.0,0.00011107444520885856,1.0,0.0,0,0.35139885778928587,0.9085972984477348,0.0,True
paper,fixed_pct_width,ewma,1.5,0.99,0.5,False,5.0,0.02,,0.08,0.005,-0.02,0.05,,1,spot,100.0,1200.0,,,False,1,0.00022214889041771713,0.00011107444520885856,0.00011107444520885856,0.00011107444520885856,0.0,0.00011107444520885856,1.0,0.0,0,0.35139885778928587,0.9085972984477348,0.0,True
paper,fixed_pct_width,ewma,1.5,0.99,0.5,False,5.0,0.02,,0.06,0.0025,-0.01,0.0,,1,spot,100.0,1200.0,,,False,1,0.00022214889041771713,0.00011107444520885856,0.00011107444520885856,0.00011107444520885856,0.0,0.00011107444520885856,1.0,0.0,0,0.35139885778928587,0.9085972984477348,0.0,True
paper,fixed_pct_width,ewma,1.5,0.99,0.5,False,5.0,0.02,,0.06,0.0025,-0.01,0.02,,1,spot,100.0,1200.0,,,False,1,0.00022214889041771713,0.00011107444520885856,0.00011107444520885856,0.00011107444520885856,0.0,0.00011107444520885856,1.0,0.0,0,0.35139885778928587,0.9085972984477348,0.0,True
paper,fixed_pct_width,ewma,1.5,0.99,0.5,False,5.0,0.02,,0.06,0.0025,-0.01,0.05,,1,spot,100.0,1200.0,,,False,1,0.00022214889041771713,0.00011107444520885856,0.00011107444520885856,0.00011107444520885856,0.0,0.00011107444520885856,1.0,0.0,0,0.35139885778928587,0.9085972984477348,0.0,True
paper,fixed_pct_width,ewma,1.5,0.99,0.5,False,5.0,0.02,,0.06,0.0025,-0.01,0.1,,1,spot,100.0,1200.0,,,False,1,0.00022214889041771713,0.00011107444520885856,0.00011107444520885856,0.00011107444520885856,0.0,0.00011107444520885856,1.0,0.0,0,0.35139885778928587,0.9085972984477348,0.0,True
paper,fixed_pct_width,spot,1.5,0.99,0.5,False,5.0,0.005,,0.1,0.001,-0.0025,0.0,,1,spot,100.0,1200.0,,,False,1,-0.0005721970545820598,0.0006325758143161941,0.0006325758143161941,0.0006325758143161941,0.000918674341607224,0.0006325758143161941,1.0,0.0,0,3.539909143736603,1.9583808485238672,1.0,True
paper,fixed_pct_width,spot,1.5,0.99,0.5,False,5.0,0.005,,0.1,0.001,-0.005,0.0,,1,spot,100.0,1200.0,,,False,1,-0.0005721970545820598,0.0006325758143161941,0.0006325758143161941,0.0006325758143161941,0.000918674341607224,0.0006325758143161941,1.0,0.0,0,3.539909143736603,1.9583808485238672,1.0,True
paper,fixed_pct_width,spot,1.5,0.99,0.5,False,5.0,0.005,,0.1,0.001,-0.01,0.0,,1,spot,100.0,1200.0,,,False,1,-0.0005721970545820598,0.0006325758143161941,0.0006325758143161941,0.0006325758143161941,0.000918674341607224,0.0006325758143161941,1.0,0.0,0,3.539909143736603,1.9583808485238672,1.0,True
paper,fixed_pct_width,spot,1.5,0.99,0.5,False,5.0,0.005,,0.1,0.001,-0.02,0.0,,1,spot,100.0,1200.0,,,False,1,-0.0005721970545820598,0.0006325758143161941,0.0006325758143161941,0.0006325758143161941,0.000918674341607224,0.0006325758143161941,1.0,0.0,0,3.539909143736603,1.9583808485238672,1.0,True
paper,fixed_pct_width,spot,1.5,0.99,0.5,False,5.0,0.005,,0.12,0.001,-0.0025,0.0,,1,spot,100.0,1200.0,,,False,1,-0.0005721970545820598,0.0006325758143161941,0.0006325758143161941,0.0006325758143161941,0.000918674341607224,0.0006325758143161941,1.0,0.0,0,3.539909143736603,1.9583808485238672,1.0,True
paper,fixed_pct_width,spot,1.5,0.99,0.5,False,5.0,0.02,,0.04,0.01,-0.005,0.0,,1,spot,100.0,1200.0,,,False,2,-0.0009700361327871519,0.0005809027805707689,0.0005809027805707689,-0.0001480778030740204,0.0009352407401892669,-0.0001480778030740204,0.5,0.5,1,0.998768102042104,1.1471715256881538,0.0,True
paper,fixed_pct_width,spot,1.5,0.99,0.5,False,5.0,0.02,,0.04,0.01,-0.005,0.02,,1,spot,100.0,1200.0,,,False,2,-0.0009700361327871519,0.0005809027805707689,0.0005809027805707689,-0.0001480778030740204,0.0009352407401892669,-0.0001480778030740204,0.5,0.0,0,0.998768102042104,1.1471715256881538,0.0,True
paper,fixed_pct_width,spot,1.5,0.99,0.5,False,5.0,0.02,,0.04,0.01,-0.005,0.05,,1,spot,100.0,1200.0,,,False,2,-0.0009700361327871519,0.0005809027805707689,0.0005809027805707689,-0.0001480778030740204,0.0009352407401892669,-0.0001480778030740204,0.5,0.0,0,0.998768102042104,1.1471715256881538,0.0,True
paper,fixed_pct_width,spot,1.5,0.99,0.5,False,5.0,0.01,,0.04,0.005,-0.005,0.02,,1,spot,100.0,1200.0,,,False,2,-0.001313989031249318,0.0012079704758751753,0.0012079704758751753,-0.0004740859228655747,0.0013624583340550863,-0.0004740859228655747,0.5,0.0,0,2.5938366610664123,1.8373268380790877,0.5,True
paper,fixed_pct_width,spot,1.5,0.99,0.5,False,5.0,0.01,,0.04,0.005,-0.005,0.05,,1,spot,100.0,1200.0,,,False,2,-0.001313989031249318,0.0012079704758751753,0.0012079704758751753,-0.0004740859228655747,0.0013624583340550863,-0.0004740859228655747,0.5,0.0,0,2.5938366610664123,1.8373268380790877,0.5,True
paper,fixed_pct_width,spot,1.5,0.99,0.5,False,5.0,0.01,,0.04,0.005,-0.01,0.02,,1,spot,100.0,1200.0,,,False,2,-0.001313989031249318,0.0012079704758751753,0.0012079704758751753,-0.0004740859228655747,0.0013624583340550863,-0.0004740859228655747,0.5,0.0,0,2.5938366610664123,1.8373268380790877,0.5,True
paper,fixed_pct_width,spot,1.5,0.99,0.5,False,5.0,0.01,,0.04,0.005,-0.01,0.05,,1,spot,100.0,1200.0,,,False,2,-0.001313989031249318,0.0012079704758751753,0.0012079704758751753,-0.0004740859228655747,0.0013624583340550863,-0.0004740859228655747,0.5,0.0,0,2.5938366610664123,1.8373268380790877,0.5,True
paper,fixed_pct_width,spot,1.5,0.99,0.5,False,5.0,0.01,,0.04,0.005,-0.02,0.02,,1,spot,100.0,1200.0,,,False,2,-0.001313989031249318,0.0012079704758751753,0.0012079704758751753,-0.0004740859228655747,0.0013624583340550863,-0.0004740859228655747,0.5,0.0,0,2.5938366610664123,1.8373268380790877,0.5,True
paper,fixed_pct_width,spot,1.5,0.99,0.5,False,5.0,0.01,,0.04,0.005,-0.02,0.05,,1,spot,100.0,1200.0,,,False,2,-0.001313989031249318,0.0012079704758751753,0.0012079704758751753,-0.0004740859228655747,0.0013624583340550863,-0.0004740859228655747,0.5,0.0,0,2.5938366610664123,1.8373268380790877,0.5,True
paper,fixed_pct_width,spot,1.5,0.99,0.5,False,5.0,0.0025,,0.04,0.005,-0.0025,0.1,,1,spot,100.0,1200.0,,,False,2,-0.0013381721621041343,0.0001861295582389344,0.0001861295582389344,-0.0002000054861548417,0.0008828641561254846,-0.0002000054861548417,0.5,0.5,1,1.391493907576578,1.71602165849384,0.5,True
paper,fixed_pct_width,spot,1.5,0.99,0.5,False,5.0,0.0025,,0.04,0.005,-0.005,0.1,,1,spot,100.0,1200.0,,,False,2,-0.0013381721621041343,0.0001861295582389344,0.0001861295582389344,-0.0002000054861548417,0.0008828641561254846,-0.0002000054861548417,0.5,0.0,0,1.391493907576578,1.71602165849384,0.5,True
paper,fixed_pct_width,spot,1.5,0.99,0.5,False,5.0,0.0025,,0.04,0.005,-0.01,0.1,,1,spot,100.0,1200.0,,,False,2,-0.0013381721621041343,0.0001861295582389344,0.0001861295582389344,-0.0002000054861548417,0.0008828641561254846,-0.0002000054861548417,0.5,0.0,0,1.391493907576578,1.71602165849384,0.5,True
paper,fixed_pct_width,spot,1.5,0.99,0.5,False,5.0,0.0025,,0.04,0.005,-0.02,0.1,,1,spot,100.0,1200.0,,,False,2,-0.0013381721621041343,0.0001861295582389344,0.0001861295582389344,-0.0002000054861548417,0.0008828641561254846,-0.0002000054861548417,0.5,0.0,0,1.391493907576578,1.71602165849384,0.5,True
paper,fixed_pct_width,spot,1.5,0.99,0.5,False,5.0,0.0025,,0.04,0.01,-0.0025,0.1,,1,spot,100.0,1200.0,,,False,2,-0.0013381721621041343,0.0001861295582389344,0.0001861295582389344,-0.0002000054861548417,0.0008828641561254846,-0.0002000054861548417,0.5,0.0,0,1.391493907576578,1.71602165849384,0.5,True
paper,fixed_pct_width,spot,1.5,0.99,0.5,False,5.0,0.0025,,0.04,0.01,-0.005,0.1,,1,spot,100.0,1200.0,,,False,2,-0.0013381721621041343,0.0001861295582389344,0.0001861295582389344,-0.0002000054861548417,0.0008828641561254846,-0.0002000054861548417,0.5,0.0,0,1.391493907576578,1.71602165849384,0.5,True
paper,fixed_pct_width,spot,1.5,0.99,0.5,False,5.0,0.0025,,0.04,0.01,-0.01,0.1,,1,spot,100.0,1200.0,,,False,2,-0.0013381721621041343,0.0001861295582389344,0.0001861295582389344,-0.0002000054861548417,0.0008828641561254846,-0.0002000054861548417,0.5,0.0,0,1.391493907576578,1.71602165849384,0.5,True
paper,fixed_pct_width,spot,1.5,0.99,0.5,False,5.0,0.0025,,0.04,0.01,-0.02,0.1,,1,spot,100.0,1200.0,,,False,2,-0.0013381721621041343,0.0001861295582389344,0.0001861295582389344,-0.0002000054861548417,0.0008828641561254846,-0.0002000054861548417,0.5,0.0,0,1.391493907576578,1.71602165849384,0.5,True
paper,fixed_pct_width,spot,1.5,0.99,0.5,False,5.0,0.0025,,0.06,0.005,-0.0025,0.1,,1,spot,100.0,1200.0,,,False,2,-0.0013381721621041343,0.0001861295582389344,0.0001861295582389344,-0.0002000054861548417,0.0008828641561254846,-0.0002000054861548417,0.5,0.0,0,1.391493907576578,1.71602165849384,0.5,True
paper,fixed_pct_width,spot,1.5,0.99,0.5,False,5.0,0.0025,,0.06,0.005,-0.005,0.1,,1,spot,100.0,1200.0,,,False,2,-0.0013381721621041343,0.0001861295582389344,0.0001861295582389344,-0.0002000054861548417,0.0008828641561254846,-0.0002000054861548417,0.5,0.0,0,1.391493907576578,1.71602165849384,0.5,True
paper,fixed_pct_width,spot,1.5,0.99,0.5,False,5.0,0.0025,,0.06,0.005,-0.01,0.1,,1,spot,100.0,1200.0,,,False,2,-0.0013381721621041343,0.0001861295582389344,0.0001861295582389344,-0.0002000054861548417,0.0008828641561254846,-0.0002000054861548417,0.5,0.0,0,1.391493907576578,1.71602165849384,0.5,True
paper,fixed_pct_width,spot,1.5,0.99,0.5,False,5.0,0.0025,,0.06,0.005,-0.02,0.1,,1,spot,100.0,1200.0,,,False,2,-0.0013381721621041343,0.0001861295582389344,0.0001861295582389344,-0.0002000054861548417,0.0008828641561254846,-0.0002000054861548417,0.5,0.0,0,1.391493907576578,1.71602165849384,0.5,True
paper,fixed_pct_width,spot,1.5,0.99,0.5,False,5.0,0.02,,0.06,0.01,-0.01,0.0,,1,spot,100.0,1200.0,,,False,1,-0.0016655373688411867,-0.0008321777767497096,-0.0008321777767497096,-0.0008321777767497096,5.909076708836907e-07,-0.0008321777767497096,0.0,0.0,0,0.00013763465270123272,0.9976010397384194,0.0,False
paper,fixed_pct_width,spot,1.5,0.99,0.5,False,5.0,0.02,,0.06,0.01,-0.01,0.02,,1,spot,100.0,1200.0,,,False,1,-0.0016655373688411867,-0.0008321777767497096,-0.0008321777767497096,-0.0008321777767497096,5.909076708836907e-07,-0.0008321777767497096,0.0,0.0,0,0.00013763465270123272,0.9976010397384194,0.0,False
paper,fixed_pct_width,spot,1.5,0.99,0.5,False,5.0,0.02,,0.06,0.01,-0.01,0.05,,1,spot,100.0,1200.0,,,False,1,-0.0016655373688411867,-0.0008321777767497096,-0.0008321777767497096,-0.0008321777767497096,5.909076708836907e-07,-0.0008321777767497096,0.0,0.0,0,0.00013763465270123272,0.9976010397384194,0.0,False
paper,fixed_pct_width,spot,1.5,0.99,0.5,False,5.0,0.02,,0.06,0.01,-0.02,0.0,,1,spot,100.0,1200.0,,,False,1,-0.0016655373688411867,-0.0008321777767497096,-0.0008321777767497096,-0.0008321777767497096,5.909076708836907e-07,-0.0008321777767497096,0.0,0.0,0,0.00013763465270123272,0.9976010397384194,0.0,False
paper,fixed_pct_width,spot,1.5,0.99,0.5,False,5.0,0.02,,0.06,0.01,-0.02,0.02,,1,spot,100.0,1200.0,,,False,1,-0.0016655373688411867,-0.0008321777767497096,-0.0008321777767497096,-0.0008321777767497096,5.909076708836907e-07,-0.0008321777767497096,0.0,0.0,0,0.00013763465270123272,0.9976010397384194,0.0,False
paper,fixed_pct_width,spot,1.5,0.99,0.5,False,5.0,0.02,,0.06,0.01,-0.02,0.05,,1,spot,100.0,1200.0,,,False,1,-0.0016655373688411867,-0.0008321777767497096,-0.0008321777767497096,-0.0008321777767497096,5.909076708836907e-07,-0.0008321777767497096,0.0,0.0,0,0.00013763465270123272,0.9976010397384194,0.0,False
paper,fixed_pct_width,spot,1.5,0.99,0.5,False,5.0,0.02,,0.08,0.01,-0.01,0.0,,1,spot,100.0,1200.0,,,False,1,-0.0016655373688411867,-0.0008321777767497096,-0.0008321777767497096,-0.0008321777767497096,5.909076708836907e-07,-0.0008321777767497096,0.0,0.0,0,0.00013763465270123272,0.9976010397384194,0.0,False
paper,fixed_pct_width,spot,1.5,0.99,0.5,False,5.0,0.02,,0.08,0.01,-0.01,0.02,,1,spot,100.0,1200.0,,,False,1,-0.0016655373688411867,-0.0008321777767497096,-0.0008321777767497096,-0.0008321777767497096,5.909076708836907e-07,-0.0008321777767497096,0.0,0.0,0,0.00013763465270123272,0.9976010397384194,0.0,False
paper,fixed_pct_width,spot,1.5,0.99,0.5,False,5.0,0.02,,0.08,0.01,-0.01,0.05,,1,spot,100.0,1200.0,,,False,1,-0.0016655373688411867,-0.0008321777767497096,-0.0008321777767497096,-0.0008321777767497096,5.909076708836907e-07,-0.0008321777767497096,0.0,0.0,0,0.00013763465270123272,0.9976010397384194,0.0,False
paper,fixed_pct_width,spot,1.5,0.99,0.5,False,5.0,0.0025,,0.06,0.01,-0.0025,0.1,,1,spot,100.0,1200.0,,,False,1,-0.0021657392845606527,-0.0002000054861548417,-0.0002000054861548417,-0.0002000054861548417,0.0008828641561254846,-0.0002000054861548417,0.0,0.0,0,1.8711633531920455,2.353461495512561,1.0,False
paper,fixed_pct_width,spot,1.5,0.99,0.5,False,5.0,0.0025,,0.06,0.01,-0.005,0.1,,1,spot,100.0,1200.0,,,False,1,-0.0021657392845606527,-0.0002000054861548417,-0.0002000054861548417,-0.0002000054861548417,0.0008828641561254846,-0.0002000054861548417,0.0,0.0,0,1.8711633531920455,2.353461495512561,1.0,False
paper,fixed_pct_width,spot,1.5,0.99,0.5,False,5.0,0.0025,,0.06,0.01,-0.01,0.1,,1,spot,100.0,1200.0,,,False,1,-0.0021657392845606527,-0.0002000054861548417,-0.0002000054861548417,-0.0002000054861548417,0.0008828641561254846,-0.0002000054861548417,0.0,0.0,0,1.8711633531920455,2.353461495512561,1.0,False
paper,fixed_pct_width,spot,1.5,0.99,0.5,False,5.0,0.0025,,0.06,0.01,-0.02,0.1,,1,spot,100.0,1200.0,,,False,1,-0.0021657392845606527,-0.0002000054861548417,-0.0002000054861548417,-0.0002000054861548417,0.0008828641561254846,-0.0002000054861548417,0.0,0.0,0,1.8711633531920455,2.353461495512561,1.0,False
paper,fixed_pct_width,spot,1.5,0.99,0.5,False,5.0,0.0025,,0.08,0.005,-0.0025,0.1,,1,spot,100.0,1200.0,,,False,1,-0.0021657392845606527,-0.0002000054861548417,-0.0002000054861548417,-0.0002000054861548417,0.0008828641561254846,-0.0002000054861548417,0.0,0.0,0,1.8711633531920455,2.353461495512561,1.0,False
paper,fixed_pct_width,spot,1.5,0.99,0.5,False,5.0,0.0025,,0.08,0.005,-0.005,0.1,,1,spot,100.0,1200.0,,,False,1,-0.0021657392845606527,-0.0002000054861548417,-0.0002000054861548417,-0.0002000054861548417,0.0008828641561254846,-0.0002000054861548417,0.0,0.0,0,1.8711633531920455,2.353461495512561,1.0,False
paper,fixed_pct_width,spot,1.5,0.99,0.5,False,5.0,0.0025,,0.08,0.005,-0.01,0.1,,1,spot,100.0,1200.0,,,False,1,-0.0021657392845606527,-0.0002000054861548417,-0.0002000054861548417,-0.0002000054861548417,0.0008828641561254846,-0.0002000054861548417,0.0,0.0,0,1.8711633531920455,2.353461495512561,1.0,False
paper,fixed_pct_width,spot,1.5,0.99,0.5,False,5.0,0.0025,,0.08,0.005,-0.02,0.1,,1,spot,100.0,1200.0,,,False,1,-0.0021657392845606527,-0.0002000054861548417,-0.0002000054861548417,-0.0002000054861548417,0.0008828641561254846,-0.0002000054861548417,0.0,0.0,0,1.8711633531920455,2.353461495512561,1.0,False
paper,fixed_pct_width,spot,1.5,0.99,0.5,False,5.0,0.02,,0.04,0.01,-0.0025,0.0,,1,spot,100.0,1200.0,,,False,1,-0.002166637086526575,-0.0001480778030740204,-0.0001480778030740204,-0.0001480778030740204,0.0009352407401892669,-0.0001480778030740204,0.0,1.0,1,0.866792634543703,1.1187905376401752,0.0,False
paper,fixed_pct_width,spot,1.5,0.99,0.5,False,5.0,0.02,,0.04,0.01,-0.0025,0.02,,1,spot,100.0,1200.0,,,False,1,-0.002166637086526575,-0.0001480778030740204,-0.0001480778030740204,-0.0001480778030740204,0.0009352407401892669,-0.0001480778030740204,0.0,0.0,0,0.866792634543703,1.1187905376401752,0.0,False
paper,fixed_pct_width,spot,1.5,0.99,0.5,False,5.0,0.02,,0.04,0.01,-0.0025,0.05,,1,spot,100.0,1200.0,,,False,1,-0.002166637086526575,-0.0001480778030740204,-0.0001480778030740204,-0.0001480778030740204,0.0009352407401892669,-0.0001480778030740204,0.0,0.0,0,0.866792634543703,1.1187905376401752,0.0,False
paper,fixed_pct_width,spot,1.5,0.99,0.5,False,5.0,0.02,,0.06,0.01,-0.0025,0.0,,1,spot,100.0,1200.0,,,False,1,-0.002166637086526575,-0.0001480778030740204,-0.0001480778030740204,-0.0001480778030740204,0.0009352407401892669,-0.0001480778030740204,0.0,0.0,0,0.866792634543703,1.1187905376401752,0.0,False
paper,fixed_pct_width,spot,1.5,0.99,0.5,False,5.0,0.02,,0.06,0.01,-0.0025,0.02,,1,spot,100.0,1200.0,,,False,1,-0.002166637086526575,-0.0001480778030740204,-0.0001480778030740204,-0.0001480778030740204,0.0009352407401892669,-0.0001480778030740204,0.0,0.0,0,0.866792634543703,1.1187905376401752,0.0,False
paper,fixed_pct_width,spot,1.5,0.99,0.5,False,5.0,0.02,,0.06,0.01,-0.0025,0.05,,1,spot,100.0,1200.0,,,False,1,-0.002166637086526575,-0.0001480778030740204,-0.0001480778030740204,-0.0001480778030740204,0.0009352407401892669,-0.0001480778030740204,0.0,0.0,0,0.866792634543703,1.1187905376401752,0.0,False
paper,fixed_pct_width,spot,1.5,0.99,0.5,False,5.0,0.02,,0.04,0.01,-0.01,0.0,,1,spot,100.0,1200.0,,,False,2,-0.002725462130780917,-0.000490127789911865,-0.000490127789911865,-0.0008321777767497096,0.0009352407401892669,-0.0008321777767497096,0.0,0.5,1,0.43346513459820213,1.0581957886892974,0.0,False
paper,fixed_pct_width,spot,1.5,0.99,0.5,False,5.0,0.02,,0.04,0.01,-0.01,0.02,,1,spot,100.0,1200.0,,,False,2,-0.002725462130780917,-0.000490127789911865,-0.000490127789911865,-0.0008321777767497096,0.0009352407401892669,-0.0008321777767497096,0.0,0.0,0,0.43346513459820213,1.0581957886892974,0.0,False
paper,fixed_pct_width,spot,1.5,0.99,0.5,False,5.0,0.02,,0.04,0.01,-0.01,0.05,,1,spot,100.0,1200.0,,,False,2,-0.002725462130780917,-0.000490127789911865,-0.000490127789911865,-0.0008321777767497096,0.0009352407401892669,-0.0008321777767497096,0.0,0.0,0,0.43346513459820213,1.0581957886892974,0.0,False
paper,fixed_pct_width,spot,1.5,0.99,0.5,False,5.0,0.02,,0.04,0.01,-0.02,0.0,,1,spot,100.0,1200.0,,,False,2,-0.002725462130780917,-0.000490127789911865,-0.000490127789911865,-0.0008321777767497096,0.0009352407401892669,-0.0008321777767497096,0.0,0.0,0,0.43346513459820213,1.0581957886892974,0.0,False
paper,fixed_pct_width,spot,1.5,0.99,0.5,False,5.0,0.02,,0.04,0.01,-0.02,0.02,,1,spot,100.0,1200.0,,,False,2,-0.002725462130780917,-0.000490127789911865,-0.000490127789911865,-0.0008321777767497096,0.0009352407401892669,-0.0008321777767497096,0.0,0.0,0,0.43346513459820213,1.0581957886892974,0.0,False
paper,fixed_pct_width,spot,1.5,0.99,0.5,False,5.0,0.02,,0.04,0.01,-0.02,0.05,,1,spot,100.0,1200.0,,,False,2,-0.002725462130780917,-0.000490127789911865,-0.000490127789911865,-0.0008321777767497096,0.0009352407401892669,-0.0008321777767497096,0.0,0.0,0,0.43346513459820213,1.0581957886892974,0.0,False
paper,fixed_pct_width,spot,1.5,0.99,0.5,False,5.0,0.01,,0.04,0.005,-0.005,0.0,,1,spot,100.0,1200.0,,,False,1,-0.003673088513841322,-0.0004740859228655747,-0.0004740859228655747,-0.0004740859228655747,0.0013624583340550863,-0.0004740859228655747,0.0,1.0,1,1.4946883758612015,2.5147777796779893,1.0,False
paper,fixed_pct_width,spot,1.5,0.99,0.5,False,5.0,0.01,,0.04,0.005,-0.01,0.0,,1,spot,100.0,1200.0,,,False,1,-0.003673088513841322,-0.0004740859228655747,-0.0004740859228655747,-0.0004740859228655747,0.0013624583340550863,-0.0004740859228655747,0.0,0.0,0,1.4946883758612015,2.5147777796779893,1.0,False
paper,fixed_pct_width,spot,1.5,0.99,0.5,False,5.0,0.01,,0.04,0.005,-0.02,0.0,,1,spot,100.0,1200.0,,,False,1,-0.003673088513841322,-0.0004740859228655747,-0.0004740859228655747,-0.0004740859228655747,0.0013624583340550863,-0.0004740859228655747,0.0,0.0,0,1.4946883758612015,2.5147777796779893,1.0,False
paper,fixed_pct_width,spot,1.5,0.99,0.5,False,5.0,0.01,,0.04,0.01,-0.005,0.0,,1,spot,100.0,1200.0,,,False,1,-0.003673088513841322,-0.0004740859228655747,-0.0004740859228655747,-0.0004740859228655747,0.0013624583340550863,-0.0004740859228655747,0.0,0.0,0,1.4946883758612015,2.5147777796779893,1.0,False
paper,fixed_pct_width,spot,1.5,0.99,0.5,False,5.0,0.01,,0.04,0.01,-0.005,0.02,,1,spot,100.0,1200.0,,,False,1,-0.003673088513841322,-0.0004740859228655747,-0.0004740859228655747,-0.0004740859228655747,0.0013624583340550863,-0.0004740859228655747,0.0,0.0,0,1.4946883758612015,2.5147777796779893,1.0,False
paper,fixed_pct_width,spot,1.5,0.99,0.5,False,5.0,0.01,,0.04,0.01,-0.005,0.05,,1,spot,100.0,1200.0,,,False,1,-0.003673088513841322,-0.0004740859228655747,-0.0004740859228655747,-0.0004740859228655747,0.0013624583340550863,-0.0004740859228655747,0.0,0.0,0,1.4946883758612015,2.5147777796779893,1.0,False
paper,fixed_pct_width,spot,1.5,0.99,0.5,False,5.0,0.01,,0.04,0.01,-0.01,0.0,,1,spot,100.0,1200.0,,,False,1,-0.003673088513841322,-0.0004740859228655747,-0.0004740859228655747,-0.0004740859228655747,0.0013624583340550863,-0.0004740859228655747,0.0,0.0,0,1.4946883758612015,2.5147777796779893,1.0,False
paper,fixed_pct_width,spot,1.5,0.99,0.5,False,5.0,0.01,,0.04,0.01,-0.01,0.02,,1,spot,100.0,1200.0,,,False,1,-0.003673088513841322,-0.0004740859228655747,-0.0004740859228655747,-0.0004740859228655747,0.0013624583340550863,-0.0004740859228655747,0.0,0.0,0,1.4946883758612015,2.5147777796779893,1.0,False
paper,fixed_pct_width,spot,1.5,0.99,0.5,False,5.0,0.01,,0.04,0.01,-0.01,0.05,,1,spot,100.0,1200.0,,,False,1,-0.003673088513841322,-0.0004740859228655747,-0.0004740859228655747,-0.0004740859228655747,0.0013624583340550863,-0.0004740859228655747,0.0,0.0,0,1.4946883758612015,2.5147777796779893,1.0,False
paper,fixed_pct_width,spot,1.5,0.99,0.5,False,5.0,0.01,,0.04,0.01,-0.02,0.0,,1,spot,100.0,1200.0,,,False,1,-0.003673088513841322,-0.0004740859228655747,-0.0004740859228655747,-0.0004740859228655747,0.0013624583340550863,-0.0004740859228655747,0.0,0.0,0,1.4946883758612015,2.5147777796779893,1.0,False
paper,fixed_pct_width,spot,1.5,0.99,0.5,False,5.0,0.01,,0.04,0.01,-0.02,0.02,,1,spot,100.0,1200.0,,,False,1,-0.003673088513841322,-0.0004740859228655747,-0.0004740859228655747,-0.0004740859228655747,0.0013624583340550863,-0.0004740859228655747,0.0,0.0,0,1.4946883758612015,2.5147777796779893,1.0,False
paper,fixed_pct_width,spot,1.5,0.99,0.5,False,5.0,0.01,,0.04,0.01,-0.02,0.05,,1,spot,100.0,1200.0,,,False,1,-0.003673088513841322,-0.0004740859228655747,-0.0004740859228655747,-0.0004740859228655747,0.0013624583340550863,-0.0004740859228655747,0.0,0.0,0,1.4946883758612015,2.5147777796779893,1.0,False
paper,fixed_pct_width,spot,1.5,0.99,0.5,False,5.0,0.01,,0.06,0.0025,-0.005,0.0,,1,spot,100.0,1200.0,,,False,1,-0.003673088513841322,-0.0004740859228655747,-0.0004740859228655747,-0.0004740859228655747,0.0013624583340550863,-0.0004740859228655747,0.0,0.0,0,1.4946883758612015,2.5147777796779893,1.0,False
paper,fixed_pct_width,spot,1.5,0.99,0.5,False,5.0,0.01,,0.06,0.0025,-0.005,0.02,,1,spot,100.0,1200.0,,,False,1,-0.003673088513841322,-0.0004740859228655747,-0.0004740859228655747,-0.0004740859228655747,0.0013624583340550863,-0.0004740859228655747,0.0,0.0,0,1.4946883758612015,2.5147777796779893,1.0,False
paper,fixed_pct_width,spot,1.5,0.99,0.5,False,5.0,0.02,,0.04,0.01,-0.01,0.1,,1,spot,100.0,1200.0,,,False,3,-0.0058853416791015255,-0.001615679325157567,-0.0008321777767497096,-0.003866782395648971,0.0009352407401892669,-0.003866782395648971,0.0,0.3333333333333333,1,0.9942995855357314,1.0860577450223536,0.0,False
paper,fixed_pct_width,spot,1.5,0.99,0.5,False,5.0,0.02,,0.04,0.01,-0.02,0.1,,1,spot,100.0,1200.0,,,False,3,-0.0058853416791015255,-0.001615679325157567,-0.0008321777767497096,-0.003866782395648971,0.0009352407401892669,-0.003866782395648971,0.0,0.0,0,0.9942995855357314,1.0860577450223536,0.0,False
paper,fixed_pct_width,spot,1.5,0.99,0.5,False,5.0,0.02,,0.06,0.01,-0.01,0.1,,1,spot,100.0,1200.0,,,False,2,-0.006434925123977931,-0.0023494800861993403,-0.0023494800861993403,-0.003866782395648971,0.00014557812552945222,-0.003866782395648971,0.0,0.0,0,1.0580530610317456,1.0696913487134427,0.0,False
paper,fixed_pct_width,spot,1.5,0.99,0.5,False,5.0,0.02,,0.06,0.01,-0.02,0.1,,1,spot,100.0,1200.0,,,False,2,-0.006434925123977931,-0.0023494800861993403,-0.0023494800861993403,-0.003866782395648971,0.00014557812552945222,-0.003866782395648971,0.0,0.0,0,1.0580530610317456,1.0696913487134427,0.0,False
paper,fixed_pct_width,spot,1.5,0.99,0.5,False,5.0,0.02,,0.08,0.01,-0.01,0.1,,1,spot,100.0,1200.0,,,False,2,-0.006434925123977931,-0.0023494800861993403,-0.0023494800861993403,-0.003866782395648971,0.00014557812552945222,-0.003866782395648971,0.0,0.0,0,1.0580530610317456,1.0696913487134427,0.0,False
paper,fixed_pct_width,spot,1.5,0.99,0.5,False,5.0,0.0025,,0.04,0.0025,-0.0025,0.1,,1,spot,100.0,1200.0,,,False,4,-0.006627333201692632,-0.0004307269834462335,0.00047114053436259073,-0.003539731543227398,0.00355649231450865,-0.003539731543227398,0.75,0.25,1,1.7370537276256108,1.3689918816300464,0.25,True
paper,fixed_pct_width,spot,1.5,0.99,0.5,False,5.0,0.0025,,0.04,0.0025,-0.005,0.1,,1,spot,100.0,1200.0,,,False,4,-0.006627333201692632,-0.0004307269834462335,0.00047114053436259073,-0.003539731543227398,0.00355649231450865,-0.003539731543227398,0.75,0.0,0,1.7370537276256108,1.3689918816300464,0.25,True
paper,fixed_pct_width,spot,1.5,0.99,0.5,False,5.0,0.0025,,0.04,0.0025,-0.01,0.1,,1,spot,100.0,1200.0,,,False,4,-0.006627333201692632,-0.0004307269834462335,0.00047114053436259073,-0.003539731543227398,0.00355649231450865,-0.003539731543227398,0.75,0.0,0,1.7370537276256108,1.3689918816300464,0.25,True
paper,fixed_pct_width,spot,1.5,0.99,0.5,False,5.0,0.0025,,0.04,0.0025,-0.02,0.1,,1,spot,100.0,1200.0,,,False,4,-0.006627333201692632,-0.0004307269834462335,0.00047114053436259073,-0.003539731543227398,0.00355649231450865,-0.003539731543227398,0.75,0.0,0,1.7370537276256108,1.3689918816300464,0.25,True
paper,fixed_pct_width,spot,1.5,0.99,0.5,False,5.0,0.0025,,0.06,0.0025,-0.0025,0.1,,1,spot,100.0,1200.0,,,False,4,-0.006627333201692632,-0.0004307269834462335,0.00047114053436259073,-0.003539731543227398,0.00355649231450865,-0.003539731543227398,0.75,0.0,0,1.7370537276256108,1.3689918816300464,0.25,True
paper,fixed_pct_width,spot,1.5,0.99,0.5,False,5.0,0.0025,,0.04,0.0025,-0.0025,0.0,,1,spot,100.0,1200.0,,,False,3,-0.006730707148281927,-0.0007650575121392148,0.00037001646609247096,-0.003539731543227398,0.00355649231450865,-0.003539731543227398,0.6666666666666666,1.0,3,2.0121301495137778,1.4657952350150223,0.3333333333333333,True
paper,fixed_pct_width,spot,1.5,0.99,0.5,False,5.0,0.0025,,0.04,0.0025,-0.0025,0.02,,1,spot,100.0,1200.0,,,False,3,-0.006730707148281927,-0.0007650575121392148,0.00037001646609247096,-0.003539731543227398,0.00355649231450865,-0.003539731543227398,0.6666666666666666,0.0,0,2.0121301495137778,1.4657952350150223,0.3333333333333333,True
paper,fixed_pct_width,spot,1.5,0.99,0.5,False,5.0,0.0025,,0.04,0.0025,-0.0025,0.05,,1,spot,100.0,1200.0,,,False,3,-0.006730707148281927,-0.0007650575121392148,0.00037001646609247096,-0.003539731543227398,0.00355649231450865,-0.003539731543227398,0.6666666666666666,0.0,0,2.0121301495137778,1.4657952350150223,0.3333333333333333,True
paper,fixed_pct_width,spot,1.5,0.99,0.5,False,5.0,0.0025,,0.04,0.0025,-0.005,0.0,,1,spot,100.0,1200.0,,,False,3,-0.006730707148281927,-0.0007650575121392148,0.00037001646609247096,-0.003539731543227398,0.00355649231450865,-0.003539731543227398,0.6666666666666666,0.0,0,2.0121301495137778,1.4657952350150223,0.3333333333333333,True
paper,fixed_pct_width,spot,1.5,0.99,0.5,False,5.0,0.0025,,0.04,0.0025,-0.005,0.02,,1,spot,100.0,1200.0,,,False,3,-0.006730707148281927,-0.0007650575121392148,0.00037001646609247096,-0.003539731543227398,0.00355649231450865,-0.003539731543227398,0.6666666666666666,0.0,0,2.0121301495137778,1.4657952350150223,0.3333333333333333,True
paper,fixed_pct_width,spot,1.5,0.99,0.5,False,5.0,0.0025,,0.04,0.0025,-0.005,0.05,,1,spot,100.0,1200.0,,,False,3,-0.006730707148281927,-0.0007650575121392148,0.00037001646609247096,-0.003539731543227398,0.00355649231450865,-0.003539731543227398,0.6666666666666666,0.0,0,2.0121301495137778,1.4657952350150223,0.3333333333333333,True
paper,fixed_pct_width,spot,1.5,0.99,0.5,False,5.0,0.0025,,0.04,0.0025,-0.01,0.0,,1,spot,100.0,1200.0,,,False,3,-0.006730707148281927,-0.0007650575121392148,0.00037001646609247096,-0.003539731543227398,0.00355649231450865,-0.003539731543227398,0.6666666666666666,0.0,0,2.0121301495137778,1.4657952350150223,0.3333333333333333,True
paper,fixed_pct_width,spot,1.5,0.99,0.5,False,5.0,0.0025,,0.04,0.0025,-0.01,0.02,,1,spot,100.0,1200.0,,,False,3,-0.006730707148281927,-0.0007650575121392148,0.00037001646609247096,-0.003539731543227398,0.00355649231450865,-0.003539731543227398,0.6666666666666666,0.0,0,2.0121301495137778,1.4657952350150223,0.3333333333333333,True
paper,fixed_pct_width,spot,1.5,0.99,0.5,False,5.0,0.0025,,0.04,0.0025,-0.01,0.05,,1,spot,100.0,1200.0,,,False,3,-0.006730707148281927,-0.0007650575121392148,0.00037001646609247096,-0.003539731543227398,0.00355649231450865,-0.003539731543227398,0.6666666666666666,0.0,0,2.0121301495137778,1.4657952350150223,0.3333333333333333,True
paper,fixed_pct_width,spot,1.5,0.99,0.5,False,5.0,0.0025,,0.04,0.0025,-0.02,0.0,,1,spot,100.0,1200.0,,,False,3,-0.006730707148281927,-0.0007650575121392148,0.00037001646609247096,-0.003539731543227398,0.00355649231450865,-0.003539731543227398,0.6666666666666666,0.0,0,2.0121301495137778,1.4657952350150223,0.3333333333333333,True
paper,fixed_pct_width,spot,1.5,0.99,0.5,False,5.0,0.0025,,0.04,0.0025,-0.02,0.02,,1,spot,100.0,1200.0,,,False,3,-0.006730707148281927,-0.0007650575121392148,0.00037001646609247096,-0.003539731543227398,0.00355649231450865,-0.003539731543227398,0.6666666666666666,0.0,0,2.0121301495137778,1.4657952350150223,0.3333333333333333,True
paper,fixed_pct_width,spot,1.5,0.99,0.5,False,5.0,0.0025,,0.04,0.0025,-0.02,0.05,,1,spot,100.0,1200.0,,,False,3,-0.006730707148281927,-0.0007650575121392148,0.00037001646609247096,-0.003539731543227398,0.00355649231450865,-0.003539731543227398,0.6666666666666666,0.0,0,2.0121301495137778,1.4657952350150223,0.3333333333333333,True
paper,fixed_pct_width,spot,1.5,0.99,0.5,False,5.0,0.0025,,0.06,0.0025,-0.0025,0.0,,1,spot,100.0,1200.0,,,False,3,-0.006730707148281927,-0.0007650575121392148,0.00037001646609247096,-0.003539731543227398,0.00355649231450865,-0.003539731543227398,0.6666666666666666,0.0,0,2.0121301495137778,1.4657952350150223,0.3333333333333333,True
paper,fixed_pct_width,spot,1.5,0.99,0.5,False,5.0,0.0025,,0.06,0.0025,-0.0025,0.02,,1,spot,100.0,1200.0,,,False,3,-0.006730707148281927,-0.0007650575121392148,0.00037001646609247096,-0.003539731543227398,0.00355649231450865,-0.003539731543227398,0.6666666666666666,0.0,0,2.0121301495137778,1.4657952350150223,0.3333333333333333,True
paper,fixed_pct_width,spot,1.5,0.99,0.5,False,5.0,0.0025,,0.06,0.0025,-0.0025,0.05,,1,spot,100.0,1200.0,,,False,3,-0.006730707148281927,-0.0007650575121392148,0.00037001646609247096,-0.003539731543227398,0.00355649231450865,-0.003539731543227398,0.6666666666666666,0.0,0,2.0121301495137778,1.4657952350150223,0.3333333333333333,True
paper,fixed_pct_width,spot,1.5,0.99,0.5,False,5.0,0.02,,0.08,0.01,-0.02,0.1,,1,spot,100.0,1200.0,,,False,1,-0.008024721042356846,-0.003866782395648971,-0.003866782395648971,-0.003866782395648971,0.00014557812552945222,-0.003866782395648971,0.0,0.0,0,2.11596848741079,1.1417816576884663,0.0,False
paper,fixed_pct_width,spot,1.5,0.99,0.5,False,5.0,0.02,,0.1,0.01,-0.01,0.1,,1,spot,100.0,1200.0,,,False,1,-0.008024721042356846,-0.003866782395648971,-0.003866782395648971,-0.003866782395648971,0.00014557812552945222,-0.003866782395648971,0.0,0.0,0,2.11596848741079,1.1417816576884663,0.0,False
paper,fixed_pct_width,spot,1.5,0.99,0.5,False,5.0,0.02,,0.1,0.01,-0.02,0.1,,1,spot,100.0,1200.0,,,False,1,-0.008024721042356846,-0.003866782395648971,-0.003866782395648971,-0.003866782395648971,0.00014557812552945222,-0.003866782395648971,0.0,0.0,0,2.11596848741079,1.1417816576884663,0.0,False
paper,fixed_pct_width,spot,1.5,0.99,0.5,False,5.0,0.02,,0.12,0.01,-0.01,0.1,,1,spot,100.0,1200.0,,,False,1,-0.008024721042356846,-0.003866782395648971,-0.003866782395648971,-0.003866782395648971,0.00014557812552945222,-0.003866782395648971,0.0,0.0,0,2.11596848741079,1.1417816576884663,0.0,False
paper,fixed_pct_width,spot,1.5,0.99,0.5,False,5.0,0.02,,0.12,0.01,-0.02,0.1,,1,spot,100.0,1200.0,,,False,1,-0.008024721042356846,-0.003866782395648971,-0.003866782395648971,-0.003866782395648971,0.00014557812552945222,-0.003866782395648971,0.0,0.0,0,2.11596848741079,1.1417816576884663,0.0,False
paper,fixed_pct_width,spot,1.5,0.99,0.5,False,5.0,0.02,,0.04,0.01,-0.005,0.1,,1,spot,100.0,1200.0,,,False,3,-0.00825035544282386,-0.0016899968660765892,-0.0001480778030740204,-0.006231796159371306,0.0009352407401892669,-0.006231796159371306,0.3333333333333333,0.0,0,1.3194106461287252,1.4732617081779795,0.3333333333333333,False
paper,fixed_pct_width,spot,1.5,0.99,0.5,False,5.0,0.02,,0.06,0.01,-0.005,0.1,,1,spot,100.0,1200.0,,,False,2,-0.008730631245875031,-0.0024609563975778737,-0.0024609563975778737,-0.006231796159371306,2.5252459283900633e-05,-0.006231796159371306,0.5,0.0,0,1.5457196519212362,1.6504972934468818,0.5,False
paper,fixed_pct_width,spot,1.5,0.99,0.5,False,5.0,0.02,,0.08,0.01,-0.005,0.1,,1,spot,100.0,1200.0,,,False,2,-0.008730631245875031,-0.0024609563975778737,-0.0024609563975778737,-0.006231796159371306,2.5252459283900633e-05,-0.006231796159371306,0.5,0.0,0,1.5457196519212362,1.6504972934468818,0.5,False
paper,fixed_pct_width,spot,1.5,0.99,0.5,False,5.0,0.02,,0.1,0.01,-0.005,0.1,,1,spot,100.0,1200.0,,,False,2,-0.008730631245875031,-0.0024609563975778737,-0.0024609563975778737,-0.006231796159371306,2.5252459283900633e-05,-0.006231796159371306,0.5,0.0,0,1.5457196519212362,1.6504972934468818,0.5,False
paper,fixed_pct_width,spot,1.5,0.99,0.5,False,5.0,0.02,,0.12,0.01,-0.005,0.1,,1,spot,100.0,1200.0,,,False,2,-0.008730631245875031,-0.0024609563975778737,-0.0024609563975778737,-0.006231796159371306,2.5252459283900633e-05,-0.006231796159371306,0.5,0.0,0,1.5457196519212362,1.6504972934468818,0.5,False
paper,fixed_pct_width,spot,1.5,0.99,0.5,False,5.0,0.02,,0.12,0.001,-0.01,0.0,,1,spot,100.0,1200.0,,,False,1,-0.010661309316848798,-0.0026002654402307313,-0.0026002654402307313,-0.0026002654402307313,0.002730389218193668,-0.0026002654402307313,0.0,1.0,1,1.2514206849441236,1.1539440890866084,0.0,False
paper,fixed_pct_width,spot,1.5,0.99,0.5,False,5.0,0.02,,0.12,0.001,-0.01,0.02,,1,spot,100.0,1200.0,,,False,1,-0.010661309316848798,-0.0026002654402307313,-0.0026002654402307313,-0.0026002654402307313,0.002730389218193668,-0.0026002654402307313,0.0,0.0,0,1.2514206849441236,1.1539440890866084,0.0,False
paper,fixed_pct_width,spot,1.5,0.99,0.5,False,5.0,0.02,,0.12,0.001,-0.01,0.05,,1,spot,100.0,1200.0,,,False,1,-0.010661309316848798,-0.0026002654402307313,-0.0026002654402307313,-0.0026002654402307313,0.002730389218193668,-0.0026002654402307313,0.0,0.0,0,1.2514206849441236,1.1539440890866084,0.0,False
paper,fixed_pct_width,spot,1.5,0.99,0.5,False,5.0,0.02,,0.12,0.001,-0.01,0.1,,1,spot,100.0,1200.0,,,False,1,-0.010661309316848798,-0.0026002654402307313,-0.0026002654402307313,-0.0026002654402307313,0.002730389218193668,-0.0026002654402307313,0.0,0.0,0,1.2514206849441236,1.1539440890866084,0.0,False
paper,fixed_pct_width,spot,1.5,0.99,0.5,False,5.0,0.02,,0.12,0.001,-0.02,0.0,,1,spot,100.0,1200.0,,,False,1,-0.010661309316848798,-0.0026002654402307313,-0.0026002654402307313,-0.0026002654402307313,0.002730389218193668,-0.0026002654402307313,0.0,0.0,0,1.2514206849441236,1.1539440890866084,0.0,False
paper,fixed_pct_width,spot,1.5,0.99,0.5,False,5.0,0.02,,0.12,0.001,-0.02,0.02,,1,spot,100.0,1200.0,,,False,1,-0.010661309316848798,-0.0026002654402307313,-0.0026002654402307313,-0.0026002654402307313,0.002730389218193668,-0.0026002654402307313,0.0,0.0,0,1.2514206849441236,1.1539440890866084,0.0,False
paper,fixed_pct_width,spot,1.5,0.99,0.5,False,5.0,0.02,,0.12,0.001,-0.02,0.05,,1,spot,100.0,1200.0,,,False,1,-0.010661309316848798,-0.0026002654402307313,-0.0026002654402307313,-0.0026002654402307313,0.002730389218193668,-0.0026002654402307313,0.0,0.0,0,1.2514206849441236,1.1539440890866084,0.0,False
paper,fixed_pct_width,spot,1.5,0.99,0.5,False,5.0,0.02,,0.12,0.001,-0.02,0.1,,1,spot,100.0,1200.0,,,False,1,-0.010661309316848798,-0.0026002654402307313,-0.0026002654402307313,-0.0026002654402307313,0.002730389218193668,-0.0026002654402307313,0.0,0.0,0,1.2514206849441236,1.1539440890866084,0.0,False
paper,fixed_pct_width,spot,1.5,0.99,0.5,False,5.0,0.02,,0.1,0.0025,-0.01,0.0,,1,spot,100.0,1200.0,,,False,1,-0.010661309316848798,-0.0026002654402307313,-0.0026002654402307313,-0.0026002654402307313,0.002730389218193668,-0.0026002654402307313,0.0,0.0,0,1.2514206849441236,1.1539440890866084,0.0,False
paper,fixed_pct_width,spot,1.5,0.99,0.5,False,5.0,0.02,,0.1,0.0025,-0.01,0.02,,1,spot,100.0,1200.0,,,False,1,-0.010661309316848798,-0.0026002654402307313,-0.0026002654402307313,-0.0026002654402307313,0.002730389218193668,-0.0026002654402307313,0.0,0.0,0,1.2514206849441236,1.1539440890866084,0.0,False
paper,fixed_pct_width,spot,1.5,0.99,0.5,False,5.0,0.02,,0.1,0.0025,-0.01,0.05,,1,spot,100.0,1200.0,,,False,1,-0.010661309316848798,-0.0026002654402307313,-0.0026002654402307313,-0.0026002654402307313,0.002730389218193668,-0.0026002654402307313,0.0,0.0,0,1.2514206849441236,1.1539440890866084,0.0,False
paper,fixed_pct_width,spot,1.5,0.99,0.5,False,5.0,0.02,,0.1,0.0025,-0.01,0.1,,1,spot,100.0,1200.0,,,False,1,-0.010661309316848798,-0.0026002654402307313,-0.0026002654402307313,-0.0026002654402307313,0.002730389218193668,-0.0026002654402307313,0.0,0.0,0,1.2514206849441236,1.1539440890866084,0.0,False
paper,fixed_pct_width,spot,1.5,0.99,0.5,False,5.0,0.02,,0.1,0.0025,-0.02,0.0,,1,spot,100.0,1200.0,,,False,1,-0.010661309316848798,-0.0026002654402307313,-0.0026002654402307313,-0.0026002654402307313,0.002730389218193668,-0.0026002654402307313,0.0,0.0,0,1.2514206849441236,1.1539440890866084,0.0,False
paper,fixed_pct_width,spot,1.5,0.99,0.5,False,5.0,0.02,,0.1,0.0025,-0.02,0.02,,1,spot,100.0,1200.0,,,False,1,-0.010661309316848798,-0.0026002654402307313,-0.0026002654402307313,-0.0026002654402307313,0.002730389218193668,-0.0026002654402307313,0.0,0.0,0,1.2514206849441236,1.1539440890866084,0.0,False
paper,fixed_pct_width,spot,1.5,0.99,0.5,False,5.0,0.02,,0.1,0.0025,-0.02,0.05,,1,spot,100.0,1200.0,,,False,1,-0.010661309316848798,-0.0026002654402307313,-0.0026002654402307313,-0.0026002654402307313,0.002730389218193668,-0.0026002654402307313,0.0,0.0,0,1.2514206849441236,1.1539440890866084,0.0,False
paper,fixed_pct_width,spot,1.5,0.99,0.5,False,5.0,0.02,,0.1,0.0025,-0.02,0.1,,1,spot,100.0,1200.0,,,False,1,-0.010661309316848798,-0.0026002654402307313,-0.0026002654402307313,-0.0026002654402307313,0.002730389218193668,-0.0026002654402307313,0.0,0.0,0,1.2514206849441236,1.1539440890866084,0.0,False
paper,fixed_pct_width,spot,1.5,0.99,0.5,False,5.0,0.02,,0.12,0.0025,-0.01,0.0,,1,spot,100.0,1200.0,,,False,1,-0.010661309316848798,-0.0026002654402307313,-0.0026002654402307313,-0.0026002654402307313,0.002730389218193668,-0.0026002654402307313,0.0,0.0,0,1.2514206849441236,1.1539440890866084,0.0,False
paper,fixed_pct_width,spot,1.5,0.99,0.5,False,5.0,0.02,,0.04,0.01,-0.0025,0.1,,1,spot,100.0,1200.0,,,False,2,-0.01083722048051982,-0.003189936981222663,-0.003189936981222663,-0.006231796159371306,0.0009352407401892669,-0.006231796159371306,0.0,0.0,0,1.4137441844228351,1.6221163053989032,0.5,False
paper,fixed_pct_width,spot,1.5,0.99,0.5,False,5.0,0.02,,0.06,0.01,-0.0025,0.1,,1,spot,100.0,1200.0,,,False,2,-0.01083722048051982,-0.003189936981222663,-0.003189936981222663,-0.006231796159371306,0.0009352407401892669,-0.006231796159371306,0.0,0.0,0,1.4137441844228351,1.6221163053989032,0.5,False
paper,fixed_pct_width,spot,1.5,0.99,0.5,False,5.0,0.02,,0.08,0.01,-0.0025,0.1,,1,spot,100.0,1200.0,,,False,1,-0.012514097237310413,-0.006231796159371306,-0.006231796159371306,-0.006231796159371306,2.5252459283900633e-05,-0.006231796159371306,0.0,0.0,0,1.9606957343019673,2.125442073157631,1.0,False
paper,fixed_pct_width,spot,1.5,0.99,0.5,False,5.0,0.02,,0.1,0.01,-0.0025,0.1,,1,spot,100.0,1200.0,,,False,1,-0.012514097237310413,-0.006231796159371306,-0.006231796159371306,-0.006231796159371306,2.5252459283900633e-05,-0.006231796159371306,0.0,0.0,0,1.9606957343019673,2.125442073157631,1.0,False
paper,fixed_pct_width,spot,1.5,0.99,0.5,False,5.0,0.02,,0.12,0.01,-0.0025,0.1,,1,spot,100.0,1200.0,,,False,1,-0.012514097237310413,-0.006231796159371306,-0.006231796159371306,-0.006231796159371306,2.5252459283900633e-05,-0.006231796159371306,0.0,0.0,0,1.9606957343019673,2.125442073157631,1.0,False
paper,fixed_pct_width,ewma,1.5,0.99,0.5,False,5.0,0.02,,0.04,0.001,-0.005,0.1,,1,spot,100.0,1200.0,,,False,1,-0.012610311221807616,-0.0031061711950168824,-0.0031061711950168824,-0.0031061711950168824,0.003198984415886926,-0.0031061711950168824,0.0,0.0,0,1.0952723252166463,1.332496669130011,0.0,False
paper,fixed_pct_width,ewma,1.5,0.99,0.5,False,5.0,0.02,,0.04,0.001,-0.01,0.1,,1,spot,100.0,1200.0,,,False,1,-0.012610311221807616,-0.0031061711950168824,-0.0031061711950168824,-0.0031061711950168824,0.003198984415886926,-0.0031061711950168824,0.0,0.0,0,1.0952723252166463,1.332496669130011,0.0,False
paper,fixed_pct_width,ewma,1.5,0.99,0.5,False,5.0,0.02,,0.04,0.001,-0.02,0.1,,1,spot,100.0,1200.0,,,False,1,-0.012610311221807616,-0.0031061711950168824,-0.0031061711950168824,-0.0031061711950168824,0.003198984415886926,-0.0031061711950168824,0.0,0.0,0,1.0952723252166463,1.332496669130011,0.0,False
