event_type,block_time,tx_hash,gas_used,l2_gwei,l2_eth,l1_eth,total_eth
mint,2026-03-04T16:51:45+00:00,0x23ec1845...,520544,0.00792,4.12284121872e-06,2.1301533178e-08,4.144142751898e-06
mint,2026-03-25T07:30:57+00:00,0x1c7870fe...,387601,0.006,2.325606e-06,9.16054308e-10,2.326522054308e-06
mint,2026-03-25T07:36:41+00:00,0xa1ae9875...,285073,0.006006,1.712152999168e-06,8.30895608e-10,1.712983894776e-06
burn,2026-03-25T08:10:35+00:00,0xa18cdf85...,470297,0.006375,2.998342780928e-06,2.380712743e-09,3.000723493671e-06
burn,2026-03-26T07:26:11+00:00,0xaef27ff1...,475873,0.006332,3.013381542979e-06,3.428241968e-09,3.0168097849469998e-06
burn,2026-03-26T07:28:19+00:00,0xcb8b2f28...,436097,0.006257,2.728764028377e-06,2.919191052e-09,2.731683219429e-06
burn,2026-03-27T09:24:39+00:00,0xcdc15cf8...,415574,0.006482,2.69386702872e-06,9.828764584e-09,2.703695793304e-06
mint,2026-03-27T10:58:37+00:00,0x44a85e12...,384383,0.095319,3.6638978576488e-05,6.378286565e-09,3.6645356863053e-05
mint,2026-03-27T11:00:15+00:00,0x537eadab...,286691,0.083498,2.3938108489922e-05,9.132991522e-09,2.3947241481444e-05
mint,2026-03-27T11:47:07+00:00,0x9341dfe8...,323703,0.006,1.942218e-06,3.994372095e-09,1.946212372095e-06
burn,2026-03-27T13:43:35+00:00,0xfdcbe431...,458965,0.015363,7.051188987635e-06,2.2472691775e-08,7.07366167941e-06
mint,2026-03-27T13:54:21+00:00,0x68f4974f...,218503,0.009,1.966527e-06,5.703032374e-09,1.972230032374e-06
burn,2026-03-27T13:58:07+00:00,0xa5f406a3...,436301,0.013251,5.781234760065e-06,2.630587462e-08,5.807540634685e-06
burn,2026-03-27T14:51:07+00:00,0x94858bda...,436277,0.012036,5.25094707937e-06,2.6272284697e-08,5.277219364067e-06
burn,2026-04-04T12:00:25+00:00,0x6055cfe7...,450543,0.006,2.703258e-06,6.752214954e-09,2.710010214954e-06
burn,2026-04-06T08:38:13+00:00,0x3dfc2f9a...,450555,0.006,2.70333e-06,1.221260719e-08,2.71554260719e-06
burn,2026-04-06T15:25:23+00:00,0x34354575...,441793,0.006,2.650758e-06,1.2281779671e-08,2.663039779671e-06
burn,2026-04-07T11:03:05+00:00,0xebe746f4...,450567,0.006,2.703402e-06,1.1835363212e-08,2.715237363212e-06
burn,2026-04-07T16:48:27+00:00,0x6c2f8566...,447779,0.006,2.686674e-06,7.951011388e-09,2.694625011388e-06
mint,2026-04-08T08:06:57+00:00,0x96f0da80...,452230,0.005,2.26115135669e-06,5.251124426e-09,2.266402481116e-06
burn,2026-04-08T08:08:45+00:00,0xbdd737c5...,172697,0.105,1.8133185e-05,2.787434092e-09,1.8135972434092e-05
mint,2026-04-08T09:19:19+00:00,0x146b1b2e...,447398,0.105,4.697679e-05,5.273643071e-09,4.6982063643071e-05
burn,2026-04-08T09:23:25+00:00,0x2f887f93...,189765,0.005,9.48825948825e-07,2.260482726e-09,9.510864315509999e-07
burn,2026-04-08T09:38:29+00:00,0x513a1b06...,511056,0.006,3.066336e-06,1.4715428834e-08,3.081051428834e-06
burn,2026-04-08T09:43:29+00:00,0x8adb14d8...,653515,0.006,3.92109e-06,1.319499855e-08,3.9342849985499994e-06
mint,2026-04-08T09:44:13+00:00,0xb4307d42...,452234,0.105,4.748457e-05,6.057446381e-09,4.7490627446381e-05
burn,2026-04-08T13:15:49+00:00,0xc66ebe15...,508256,0.006,3.049536e-06,3.007253959e-08,3.07960853959e-06
burn,2026-04-08T13:48:15+00:00,0x6fea4da6...,505468,0.006,3.032808e-06,2.3698848381e-08,3.056506848381e-06
burn,2026-04-08T13:53:55+00:00,0xdfab0fea...,505432,0.006,3.032592e-06,1.9976099335e-08,3.052568099335e-06
mint,2026-04-08T13:57:23+00:00,0x0388dbb0...,384387,0.105,4.0360635e-05,7.109655425e-09,4.0367744655425e-05
mint,2026-04-08T13:59:23+00:00,0xf9319f6b...,306571,0.105,3.2189955e-05,7.245008731e-09,3.2197200008730996e-05
mint,2026-04-08T14:01:23+00:00,0xf194b5d9...,306535,0.105,3.2186175e-05,6.558637464e-09,3.2192733637464e-05
mint,2026-04-08T14:03:23+00:00,0x30e2694d...,306535,0.105,3.2186175e-05,6.070479689e-09,3.2192245479689e-05
mint,2026-04-08T14:05:25+00:00,0xf4c2cec3...,306523,0.105,3.2184915e-05,6.730310632e-09,3.2191645310632e-05
burn,2026-04-08T16:40:47+00:00,0xd3d93014...,231240,0.105,2.42802e-05,5.871389756e-09,2.4286071389756e-05
collect,2026-04-08T16:40:47+00:00,0xd3d93014...,231240,0.105,2.42802e-05,5.871389756e-09,2.4286071389756e-05
burn,2026-04-08T16:40:47+00:00,0xef9afff5...,214140,0.105,2.24847e-05,5.871389756e-09,2.2490571389756e-05
collect,2026-04-08T16:40:47+00:00,0xef9afff5...,214140,0.105,2.24847e-05,5.871389756e-09,2.2490571389756e-05
burn,2026-04-08T16:40:49+00:00,0x439d6f50...,214128,0.105,2.248344e-05,5.779972175e-09,2.2489219972174998e-05
collect,2026-04-08T16:40:49+00:00,0x439d6f50...,214128,0.105,2.248344e-05,5.779972175e-09,2.2489219972174998e-05
burn,2026-04-08T16:40:49+00:00,0x89142671...,214128,0.105,2.248344e-05,5.779972175e-09,2.2489219972174998e-05
collect,2026-04-08T16:40:49+00:00,0x89142671...,214128,0.105,2.248344e-05,5.779972175e-09,2.2489219972174998e-05
burn,2026-04-08T16:40:51+00:00,0x6db7cd49...,202229,0.105,2.1234045e-05,5.779972175e-09,2.1239824972175e-05
collect,2026-04-08T16:40:51+00:00,0x6db7cd49...,202229,0.105,2.1234045e-05,5.779972175e-09,2.1239824972175e-05
mint,2026-04-08T18:07:33+00:00,0xa3bdabfa...,366598,0.105,3.849279e-05,6.030563141e-09,3.8498820563141e-05
burn,2026-04-09T11:29:27+00:00,0xac413548...,223169,0.105,2.3432745e-05,3.723974978e-09,2.3436468974978e-05
collect,2026-04-09T11:29:27+00:00,0xac413548...,223169,0.105,2.3432745e-05,3.723974978e-09,2.3436468974978e-05
mint,2026-04-09T11:31:05+00:00,0x636f9f43...,366598,0.105,3.849279e-05,4.462055288e-09,3.8497252055288e-05
burn,2026-04-09T11:34:49+00:00,0xd027da06...,183369,0.105,1.9253745e-05,3.7127501e-09,1.92574577501e-05
collect,2026-04-09T11:34:49+00:00,0xd027da06...,183369,0.105,1.9253745e-05,3.7127501e-09,1.92574577501e-05
mint,2026-04-09T11:35:05+00:00,0x34473f3c...,366526,0.105,3.848523e-05,3.804047191e-09,3.8489034047191e-05
burn,2026-04-09T11:37:19+00:00,0xb35e5d49...,183345,0.105006,1.9252284917445e-05,3.538376424e-09,1.9255823293869e-05
collect,2026-04-09T11:37:19+00:00,0xb35e5d49...,183345,0.105006,1.9252284917445e-05,3.538376424e-09,1.9255823293869e-05
mint,2026-04-09T11:38:55+00:00,0xab6a6cae...,366550,0.105,3.848775e-05,4.459602698e-09,3.8492209602697995e-05
mint,2026-04-09T11:40:55+00:00,0x16d82a6f...,218343,0.105,2.2926015e-05,3.353307415e-09,2.2929368307415003e-05
burn,2026-04-09T12:17:59+00:00,0x17674847...,441817,0.006,2.650902e-06,1.4013143926e-08,2.664915143926e-06
mint,2026-04-09T12:27:19+00:00,0x66da601e...,238255,0.105,2.5016775e-05,5.40277619e-09,2.5022177776189998e-05
mint,2026-04-09T12:29:17+00:00,0xde60e5f7...,238207,0.105,2.5011735e-05,5.944649565e-09,2.5017679649565e-05
mint,2026-04-09T12:31:15+00:00,0x3b34a5e9...,218331,0.105019,2.2928915733867e-05,5.475511191e-09,2.2934391245058e-05
burn,2026-04-09T19:47:15+00:00,0xac0a1a8a...,545264,0.006,3.271584e-06,9.835776616e-09,3.2814197766160003e-06
burn,2026-04-10T07:41:33+00:00,0xfa6bbabc...,511016,0.006,3.066096e-06,3.968177907e-09,3.070064177907e-06
burn,2026-04-10T18:16:29+00:00,0x9a285b40...,528164,0.006,3.168984e-06,1.1088116099e-08,3.180072116099e-06
burn,2026-04-10T21:12:11+00:00,0x0efa1c5c...,525376,0.006,3.152256e-06,3.779114449e-09,3.156035114449e-06
burn,2026-04-10T21:36:29+00:00,0x79c9efd4...,522504,0.006,3.135024e-06,3.005262091e-09,3.138029262091e-06
burn,2026-04-11T06:40:53+00:00,0x73601569...,722595,0.006,4.33557e-06,4.057298671e-09,4.339627298671e-06
burn,2026-04-11T07:09:39+00:00,0xd24cac91...,522540,0.006,3.13524e-06,4.824700303e-09,3.140064700303e-06
burn,2026-04-11T12:41:57+00:00,0x32b3e677...,522552,0.006,3.135312e-06,4.202947974e-09,3.139514947974e-06
burn,2026-04-11T12:48:53+00:00,0x4def4878...,505476,0.006,3.032856e-06,4.036788445e-09,3.036892788445e-06
burn,2026-04-11T13:04:25+00:00,0xbb63b3a9...,522540,0.006,3.13524e-06,6.708732222e-09,3.141948732222e-06
burn,2026-04-11T13:05:39+00:00,0x5f39c0f7...,522576,0.006,3.135456e-06,6.613930605e-09,3.142069930605e-06
burn,2026-04-11T20:11:51+00:00,0x2afc5972...,525376,0.006,3.152256e-06,1.1544834455e-08,3.163800834455e-06
burn,2026-04-12T09:51:41+00:00,0x3de69edf...,508240,0.006,3.04944e-06,1.1669872968e-08,3.061109872968e-06
burn,2026-04-12T17:36:21+00:00,0xc1db0951...,528152,0.006,3.168912e-06,1.1711362355e-08,3.1806233623550003e-06
burn,2026-04-27T16:00:43+00:00,0x7cd0f0d9...,537231,0.006,3.223386e-06,2.55862008319e-07,3.479248008319e-06
burn,2026-04-28T08:28:31+00:00,0x06113a57...,517271,0.006,3.103626e-06,3.6131667691e-08,3.139757667691e-06
burn,2026-04-29T10:44:11+00:00,0x7db45ac5...,531632,0.006,3.189792e-06,6.6813181962e-08,3.2566051819620002e-06
burn,2026-04-30T10:59:55+00:00,0xb81f0334...,537303,0.006,3.223818e-06,2.8046316195e-08,3.251864316195e-06
burn,2026-04-30T11:05:19+00:00,0xd34f451b...,534527,0.006,3.207162e-06,3.3660343109e-08,3.2408223431090002e-06
burn,2026-05-02T09:32:45+00:00,0x17179833...,172274,0.105,1.808877e-05,4.261910124e-09,1.8093031910124e-05
mint,2026-05-02T10:03:15+00:00,0xabc967d2...,367355,0.105,3.8572275e-05,6.430353562e-09,3.8578705353562e-05
